ts,symbol,direction,approved,state,reason,long_score,short_score,edge,long_ev,short_ev,price,sl,tp1,rr,regime,htf_allowed,volume_ratio,adx,atr_pct,squeeze,has_bot_div,has_top_div,is_ssl_swept,is_bsl_swept,score_reasons,ev_reasons,funding_rate,long_score_raw,short_score_raw
2026-06-29 17:44:30,TEST/BTC,Long,True,APPROVED,test,50,30,20,0,0,0,0,0,0,,,0,0,0,,False,False,False,False,,,0,0,0
2026-06-29 18:05:09,BTC/USDT,Short,False,HOLD,score=13.6_edge=26.7_below_min_ev_-0.32_too_low,40.27,13.55,26.72,-0.1418,-0.3249,60124.4,60391.48,59802.66,2.11,,Short,0.4642,8.8,0.0,,False,False,False,False,{'score': 13.55; 'smc': 18.99; 'sqzmom': 0.0; 'regime': 'mud'; 'weights': {'smc': 10.444720000000002; 'sqzmom': 0.0; 'breakout': 3.105}; 'breakdown': 'FINAL=13.5 | RAW=0.0 | SMC=19.0x1.00=19.0 | SQZ=0.0x0.9=0.0 | BRK=6.9 | SQZ_UNCONFIRMED_x0.9 | BRK_LOW(6.9<10.0) | DOM=balanced(w_smc=0.55;w_sqz=0.6;w_brk=0.45) | TIER=C(bonus=0.0;mult=0.6)'; 'grade': 'D'; 'allow': True; 'model': 'SMC_IMPULSE_ENGINE'; 'reasons': ['FINAL=13.5 | RAW=0.0 | SMC=19.0x1.00=19.0 | SQZ=0.0x0.9=0.0 | BRK=6.9 | SQZ_UNCONFIRMED_x0.9 | BRK_LOW(6.9<10.0) | DOM=balanced(w_smc=0.55;w_sqz=0.6;w_brk=0.45) | TIER=C(bonus=0.0;mult=0.6)']; 'smc_passed': True; 'sqz_passed': False},-0.3249,0.0071,40.27,13.55
2026-06-29 18:05:13,ETH/USDT,Short,False,HOLD,score=12.6_edge=26.7_below_min_ev_-0.34_too_low,39.34,12.62,26.72,-0.1571,-0.3385,1578.16,1590.5,1568.13,1.42,,Short,0.3099,12.0,0.0,,False,False,False,False,{'score': 12.62; 'smc': 17.3; 'sqzmom': 0.0; 'regime': 'mud'; 'weights': {'smc': 9.51478; 'sqzmom': 0.0; 'breakout': 3.105}; 'breakdown': 'FINAL=12.6 | RAW=0.0 | SMC=17.3x1.00=17.3 | SQZ=0.0x0.9=0.0 | BRK=6.9 | SQZ_UNCONFIRMED_x0.9 | BRK_LOW(6.9<10.0) | DOM=balanced(w_smc=0.55;w_sqz=0.6;w_brk=0.45) | TIER=C(bonus=0.0;mult=0.6)'; 'grade': 'D'; 'allow': True; 'model': 'SMC_IMPULSE_ENGINE'; 'reasons': ['FINAL=12.6 | RAW=0.0 | SMC=17.3x1.00=17.3 | SQZ=0.0x0.9=0.0 | BRK=6.9 | SQZ_UNCONFIRMED_x0.9 | BRK_LOW(6.9<10.0) | DOM=balanced(w_smc=0.55;w_sqz=0.6;w_brk=0.45) | TIER=C(bonus=0.0;mult=0.6)']; 'smc_passed': True; 'sqz_passed': False},-0.3385,0.0071,39.34,12.62
2026-06-29 18:15:12,BTC/USDT,Short,False,HOLD,score=13.6_edge=28.4_below_min_ev_-0.32_too_low,41.93,13.55,28.38,-0.1142,-0.3249,60204.7,60399.54,59892.96,2.8,,Short,0.0009,10.3,0.0,,False,False,False,False,{'score': 13.55; 'smc': 18.99; 'sqzmom': 0.0; 'regime': 'mud'; 'weights': {'smc': 10.444720000000002; 'sqzmom': 0.0; 'breakout': 3.105}; 'breakdown': 'FINAL=13.5 | RAW=0.0 | SMC=19.0x1.00=19.0 | SQZ=0.0x0.9=0.0 | BRK=6.9 | SQZ_UNCONFIRMED_x0.9 | BRK_LOW(6.9<10.0) | DOM=balanced(w_smc=0.55;w_sqz=0.6;w_brk=0.45) | TIER=C(bonus=0.0;mult=0.6)'; 'grade': 'D'; 'allow': True; 'model': 'SMC_IMPULSE_ENGINE'; 'reasons': ['FINAL=13.5 | RAW=0.0 | SMC=19.0x1.00=19.0 | SQZ=0.0x0.9=0.0 | BRK=6.9 | SQZ_UNCONFIRMED_x0.9 | BRK_LOW(6.9<10.0) | DOM=balanced(w_smc=0.55;w_sqz=0.6;w_brk=0.45) | TIER=C(bonus=0.0;mult=0.6)']; 'smc_passed': True; 'sqz_passed': False},-0.3249,0.007,41.93,13.55
2026-06-29 18:15:16,ETH/USDT,Short,False,HOLD,score=12.6_edge=28.5_below_min_ev_-0.34_too_low,41.1,12.62,28.48,-0.128,-0.3385,1583.36,1590.51,1573.32,2.46,,Short,0.0101,13.4,0.0,,False,False,False,False,{'score': 12.62; 'smc': 17.3; 'sqzmom': 0.0; 'regime': 'mud'; 'weights': {'smc': 9.51478; 'sqzmom': 0.0; 'breakout': 3.105}; 'breakdown': 'FINAL=12.6 | RAW=0.0 | SMC=17.3x1.00=17.3 | SQZ=0.0x0.9=0.0 | BRK=6.9 | SQZ_UNCONFIRMED_x0.9 | BRK_LOW(6.9<10.0) | DOM=balanced(w_smc=0.55;w_sqz=0.6;w_brk=0.45) | TIER=C(bonus=0.0;mult=0.6)'; 'grade': 'D'; 'allow': True; 'model': 'SMC_IMPULSE_ENGINE'; 'reasons': ['FINAL=12.6 | RAW=0.0 | SMC=17.3x1.00=17.3 | SQZ=0.0x0.9=0.0 | BRK=6.9 | SQZ_UNCONFIRMED_x0.9 | BRK_LOW(6.9<10.0) | DOM=balanced(w_smc=0.55;w_sqz=0.6;w_brk=0.45) | TIER=C(bonus=0.0;mult=0.6)']; 'smc_passed': True; 'sqz_passed': False},-0.3385,0.007,41.1,12.62
2026-06-29 18:28:32,BTC/USDT,Short,False,HOLD,score=12.7_edge=28.4_below_min_ev_-0.34_too_low,41.1,12.72,28.38,-0.128,-0.337,60168.1,60392.56,59841.43,2.55,,Short,0.9237,10.3,0.0,,False,False,False,False,{'score': 12.72; 'smc': 17.49; 'sqzmom': 0.0; 'regime': 'mud'; 'weights': {'smc': 9.619720000000001; 'sqzmom': 0.0; 'breakout': 3.105}; 'breakdown': 'FINAL=12.7 | RAW=0.0 | SMC=17.5x1.00=17.5 | SQZ=0.0x0.9=0.0 | BRK=6.9 | SQZ_UNCONFIRMED_x0.9 | BRK_LOW(6.9<10.0) | DOM=balanced(w_smc=0.55;w_sqz=0.6;w_brk=0.45) | TIER=C(bonus=0.0;mult=0.6)'; 'grade': 'D'; 'allow': True; 'model': 'SMC_IMPULSE_ENGINE'; 'reasons': ['FINAL=12.7 | RAW=0.0 | SMC=17.5x1.00=17.5 | SQZ=0.0x0.9=0.0 | BRK=6.9 | SQZ_UNCONFIRMED_x0.9 | BRK_LOW(6.9<10.0) | DOM=balanced(w_smc=0.55;w_sqz=0.6;w_brk=0.45) | TIER=C(bonus=0.0;mult=0.6)']; 'smc_passed': True; 'sqz_passed': False},-0.337,0.0069,41.1,12.72
2026-06-29 18:28:36,ETH/USDT,Short,False,HOLD,score=12.6_edge=28.5_below_min_ev_-0.34_too_low,41.1,12.62,28.48,-0.128,-0.3385,1580.67,1590.59,1570.23,1.84,,Short,0.5219,13.4,0.0,,False,False,False,False,{'score': 12.62; 'smc': 17.3; 'sqzmom': 0.0; 'regime': 'mud'; 'weights': {'smc': 9.51478; 'sqzmom': 0.0; 'breakout': 3.105}; 'breakdown': 'FINAL=12.6 | RAW=0.0 | SMC=17.3x1.00=17.3 | SQZ=0.0x0.9=0.0 | BRK=6.9 | SQZ_UNCONFIRMED_x0.9 | BRK_LOW(6.9<10.0) | DOM=balanced(w_smc=0.55;w_sqz=0.6;w_brk=0.45) | TIER=C(bonus=0.0;mult=0.6)'; 'grade': 'D'; 'allow': True; 'model': 'SMC_IMPULSE_ENGINE'; 'reasons': ['FINAL=12.6 | RAW=0.0 | SMC=17.3x1.00=17.3 | SQZ=0.0x0.9=0.0 | BRK=6.9 | SQZ_UNCONFIRMED_x0.9 | BRK_LOW(6.9<10.0) | DOM=balanced(w_smc=0.55;w_sqz=0.6;w_brk=0.45) | TIER=C(bonus=0.0;mult=0.6)']; 'smc_passed': True; 'sqz_passed': False},-0.3385,0.0069,41.1,12.62
2026-06-29 18:42:24,BTC/USDT,Short,False,HOLD,score=14.8_edge=22.1_below_min_ev_-0.31_too_low,36.96,14.82,22.14,-0.1793,-0.3133,60085.3,60678.36,59713.0,0.95,,Short,0.6727,10.3,0.0,,False,False,False,False,{'score': 14.82; 'smc': 16.28; 'sqzmom': 4.09; 'regime': 'mud'; 'weights': {'smc': 8.95246; 'sqzmom': 2.209090909090909; 'breakout': 3.6571499999999997}; 'breakdown': 'FINAL=14.8 | RAW=0.0 | SMC=16.3x1.00=16.3 | SQZ=4.1x0.9=3.7 | BRK=8.1 | SQZ_UNCONFIRMED_x0.9 | BRK_LOW(8.1<10.0) | DOM=balanced(w_smc=0.55;w_sqz=0.6;w_brk=0.45) | TIER=C(bonus=0.0;mult=0.6)'; 'grade': 'D'; 'allow': True; 'model': 'SMC_IMPULSE_ENGINE'; 'reasons': ['FINAL=14.8 | RAW=0.0 | SMC=16.3x1.00=16.3 | SQZ=4.1x0.9=3.7 | BRK=8.1 | SQZ_UNCONFIRMED_x0.9 | BRK_LOW(8.1<10.0) | DOM=balanced(w_smc=0.55;w_sqz=0.6;w_brk=0.45) | TIER=C(bonus=0.0;mult=0.6)']; 'smc_passed': True; 'sqz_passed': False},-0.3133,0.0067,36.96,14.82
2026-06-29 18:42:30,ETH/USDT,Short,False,HOLD,score=22.6_edge=7.5_ev_-0.26_too_low,30.01,22.55,7.46,-0.2274,-0.2559,1578.46,1597.4,1569.5,0.93,,Short,0.4072,13.2,0.0,,False,False,False,False,{'score': 22.55; 'smc': 18.59; 'sqzmom': 4.77; 'regime': 'mud'; 'weights': {'smc': 10.224610000000002; 'sqzmom': 2.5772727272727267; 'breakout': 3.74895}; 'breakdown': 'FINAL=22.6 | RAW=6.0 | SMC=18.6x1.00=18.6 | SQZ=4.8x0.9=4.3 | BRK=8.3 | SQZ_UNCONFIRMED_x0.9 | BRK_LOW(8.3<10.0) | DOM=balanced(w_smc=0.55;w_sqz=0.6;w_brk=0.45) | TIER=C(bonus=0.0;mult=0.6)'; 'grade': 'D'; 'allow': True; 'model': 'SMC_IMPULSE_ENGINE'; 'reasons': ['FINAL=22.6 | RAW=6.0 | SMC=18.6x1.00=18.6 | SQZ=4.8x0.9=4.3 | BRK=8.3 | SQZ_UNCONFIRMED_x0.9 | BRK_LOW(8.3<10.0) | DOM=balanced(w_smc=0.55;w_sqz=0.6;w_brk=0.45) | TIER=C(bonus=0.0;mult=0.6)']; 'smc_passed': True; 'sqz_passed': False},-0.2559,0.0067,30.01,22.55
2026-06-29 18:45:36,BTC/USDT,Short,False,HOLD,score=16.6_edge=20.4_below_min_ev_-0.29_too_low,36.96,16.58,20.38,-0.1793,-0.287,60115.4,60671.62,59713.0,0.94,,Short,0.0039,10.4,0.0,,False,False,False,False,{'score': 16.58; 'smc': 19.48; 'sqzmom': 4.09; 'regime': 'mud'; 'weights': {'smc': 10.71246; 'sqzmom': 2.209090909090909; 'breakout': 3.6571499999999997}; 'breakdown': 'FINAL=16.6 | RAW=0.0 | SMC=19.5x1.00=19.5 | SQZ=4.1x0.9=3.7 | BRK=8.1 | SQZ_UNCONFIRMED_x0.9 | BRK_LOW(8.1<10.0) | DOM=balanced(w_smc=0.55;w_sqz=0.6;w_brk=0.45) | TIER=C(bonus=0.0;mult=0.6)'; 'grade': 'D'; 'allow': True; 'model': 'SMC_IMPULSE_ENGINE'; 'reasons': ['FINAL=16.6 | RAW=0.0 | SMC=19.5x1.00=19.5 | SQZ=4.1x0.9=3.7 | BRK=8.1 | SQZ_UNCONFIRMED_x0.9 | BRK_LOW(8.1<10.0) | DOM=balanced(w_smc=0.55;w_sqz=0.6;w_brk=0.45) | TIER=C(bonus=0.0;mult=0.6)']; 'smc_passed': True; 'sqz_passed': False},-0.287,0.0067,36.96,16.58
2026-06-29 18:45:41,ETH/USDT,Short,False,HOLD,score=17.9_edge=18.6_below_min_ev_-0.27_too_low,36.47,17.85,18.62,-0.1872,-0.2676,1578.68,1596.35,1569.5,0.93,,Short,0.0027,13.1,0.0,,False,False,False,False,{'score': 17.85; 'smc': 21.79; 'sqzmom': 4.09; 'regime': 'mud'; 'weights': {'smc': 11.98461; 'sqzmom': 2.209090909090909; 'breakout': 3.6571499999999997}; 'breakdown': 'FINAL=17.9 | RAW=0.0 | SMC=21.8x1.00=21.8 | SQZ=4.1x0.9=3.7 | BRK=8.1 | SQZ_UNCONFIRMED_x0.9 | BRK_LOW(8.1<10.0) | DOM=balanced(w_smc=0.55;w_sqz=0.6;w_brk=0.45) | TIER=C(bonus=0.0;mult=0.6)'; 'grade': 'D'; 'allow': True; 'model': 'SMC_IMPULSE_ENGINE'; 'reasons': ['FINAL=17.9 | RAW=0.0 | SMC=21.8x1.00=21.8 | SQZ=4.1x0.9=3.7 | BRK=8.1 | SQZ_UNCONFIRMED_x0.9 | BRK_LOW(8.1<10.0) | DOM=balanced(w_smc=0.55;w_sqz=0.6;w_brk=0.45) | TIER=C(bonus=0.0;mult=0.6)']; 'smc_passed': True; 'sqz_passed': False},-0.2676,0.0067,36.47,17.85
2026-06-29 19:13:25,BTC/USDT,Short,True,HOLD,score_29.8_edge_7.8_approved,21.98,29.8,7.82,-0.3036,-0.1898,59949.7,60519.72,59713.0,0.93,,Short,0.7862,9.6,0.0,,False,False,False,False,{'score': 29.8; 'smc': 19.48; 'sqzmom': 8.86; 'regime': 'mud'; 'weights': {'smc': 10.71246; 'sqzmom': 4.786363636363636; 'breakout': 4.3011}; 'breakdown': 'FINAL=29.8 | RAW=10.0 | SMC=19.5x1.00=19.5 | SQZ=8.9x0.9=8.0 | BRK=9.6 | SQZ_UNCONFIRMED_x0.9 | BRK_LOW(9.6<10.0) | DOM=balanced(w_smc=0.55;w_sqz=0.6;w_brk=0.45) | TIER=C(bonus=0.0;mult=0.6)'; 'grade': 'D'; 'allow': True; 'model': 'SMC_IMPULSE_ENGINE'; 'reasons': ['FINAL=29.8 | RAW=10.0 | SMC=19.5x1.00=19.5 | SQZ=8.9x0.9=8.0 | BRK=9.6 | SQZ_UNCONFIRMED_x0.9 | BRK_LOW(9.6<10.0) | DOM=balanced(w_smc=0.55;w_sqz=0.6;w_brk=0.45) | TIER=C(bonus=0.0;mult=0.6)']; 'smc_passed': True; 'sqz_passed': False},-0.1898,0.0063,21.98,29.8
2026-06-29 19:13:32,ETH/USDT,Short,True,HOLD,score_41.1_edge_27.1_approved,14.03,41.11,27.08,-0.3553,-0.0844,1573.47,1591.53,1569.5,0.93,,Short,0.6203,12.2,0.0,,False,False,False,False,{'score': 41.11; 'smc': 21.79; 'sqzmom': 13.64; 'regime': 'mud'; 'weights': {'smc': 11.98461; 'sqzmom': 8.181818181818182; 'breakout': 4.9464}; 'breakdown': 'FINAL=41.1 | RAW=16.0 | SMC=21.8x1.00=21.8 | SQZ=13.6x1.0=13.6 | BRK=11.0 | SQZ_CONFIRMED | BRK_PASSED(11.0>=10.0) | DOM=balanced(w_smc=0.55;w_sqz=0.6;w_brk=0.45) | TIER=C(bonus=0.0;mult=0.6)'; 'grade': 'C'; 'allow': True; 'model': 'SMC_IMPULSE_ENGINE'; 'reasons': ['FINAL=41.1 | RAW=16.0 | SMC=21.8x1.00=21.8 | SQZ=13.6x1.0=13.6 | BRK=11.0 | SQZ_CONFIRMED | BRK_PASSED(11.0>=10.0) | DOM=balanced(w_smc=0.55;w_sqz=0.6;w_brk=0.45) | TIER=C(bonus=0.0;mult=0.6)']; 'smc_passed': True; 'sqz_passed': True},-0.0844,0.0063,14.03,41.11
2026-06-29 19:14:29,BTC/USDT,Short,True,HOLD,score_29.8_edge_7.8_approved,21.98,29.8,7.82,-0.3036,-0.1898,59928.8,60498.82,59713.0,0.93,,Short,0.8406,9.6,0.0,,False,False,False,False,{'score': 29.8; 'smc': 19.48; 'sqzmom': 8.86; 'regime': 'mud'; 'weights': {'smc': 10.71246; 'sqzmom': 4.786363636363636; 'breakout': 4.3011}; 'breakdown': 'FINAL=29.8 | RAW=10.0 | SMC=19.5x1.00=19.5 | SQZ=8.9x0.9=8.0 | BRK=9.6 | SQZ_UNCONFIRMED_x0.9 | BRK_LOW(9.6<10.0) | DOM=balanced(w_smc=0.55;w_sqz=0.6;w_brk=0.45) | TIER=C(bonus=0.0;mult=0.6)'; 'grade': 'D'; 'allow': True; 'model': 'SMC_IMPULSE_ENGINE'; 'reasons': ['FINAL=29.8 | RAW=10.0 | SMC=19.5x1.00=19.5 | SQZ=8.9x0.9=8.0 | BRK=9.6 | SQZ_UNCONFIRMED_x0.9 | BRK_LOW(9.6<10.0) | DOM=balanced(w_smc=0.55;w_sqz=0.6;w_brk=0.45) | TIER=C(bonus=0.0;mult=0.6)']; 'smc_passed': True; 'sqz_passed': False},-0.1898,0.0063,21.98,29.8
2026-06-29 19:17:12,ETH/USDT,Short,True,HOLD,score_40.7_edge_27.1_approved,13.65,40.73,27.08,-0.3607,-0.0909,1571.85,1588.99,1569.5,0.93,,Short,0.1706,11.7,0.0,,False,False,False,False,{'score': 40.73; 'smc': 21.1; 'sqzmom': 13.64; 'regime': 'mud'; 'weights': {'smc': 11.606706774193961; 'sqzmom': 8.181818181818182; 'breakout': 4.9464}; 'breakdown': 'FINAL=40.7 | RAW=16.0 | SMC=21.1x1.00=21.1 | SQZ=13.6x1.0=13.6 | BRK=11.0 | SQZ_CONFIRMED | BRK_PASSED(11.0>=10.0) | DOM=balanced(w_smc=0.55;w_sqz=0.6;w_brk=0.45) | TIER=C(bonus=0.0;mult=0.6)'; 'grade': 'C'; 'allow': True; 'model': 'SMC_IMPULSE_ENGINE'; 'reasons': ['FINAL=40.7 | RAW=16.0 | SMC=21.1x1.00=21.1 | SQZ=13.6x1.0=13.6 | BRK=11.0 | SQZ_CONFIRMED | BRK_PASSED(11.0>=10.0) | DOM=balanced(w_smc=0.55;w_sqz=0.6;w_brk=0.45) | TIER=C(bonus=0.0;mult=0.6)']; 'smc_passed': True; 'sqz_passed': True},-0.0909,0.0062,13.65,40.73
2026-06-29 19:51:22,BTC/USDT,Short,False,HOLD,score=27.2_edge=6.1_ev_-0.23_too_low,21.15,27.21,6.06,-0.3159,-0.2309,59818.2,60401.31,59713.0,0.93,,Short,0.2008,9.6,0.0,,False,False,False,False,{'score': 27.21; 'smc': 14.78; 'sqzmom': 8.86; 'regime': 'mud'; 'weights': {'smc': 8.127460000000001; 'sqzmom': 4.786363636363636; 'breakout': 4.3011}; 'breakdown': 'FINAL=27.2 | RAW=10.0 | SMC=14.8x1.00=14.8 | SQZ=8.9x0.9=8.0 | BRK=9.6 | SQZ_UNCONFIRMED_x0.9 | BRK_LOW(9.6<10.0) | DOM=balanced(w_smc=0.55;w_sqz=0.6;w_brk=0.45) | TIER=C(bonus=0.0;mult=0.6)'; 'grade': 'D'; 'allow': True; 'model': 'SMC_IMPULSE_ENGINE'; 'reasons': ['FINAL=27.2 | RAW=10.0 | SMC=14.8x1.00=14.8 | SQZ=8.9x0.9=8.0 | BRK=9.6 | SQZ_UNCONFIRMED_x0.9 | BRK_LOW(9.6<10.0) | DOM=balanced(w_smc=0.55;w_sqz=0.6;w_brk=0.45) | TIER=C(bonus=0.0;mult=0.6)']; 'smc_passed': True; 'sqz_passed': False},-0.2309,0.0053,21.15,27.21
2026-06-29 19:51:26,ETH/USDT,Short,False,HOLD,score=25.7_edge=0.5_below_min_ev_-0.25_too_low,25.19,25.73,0.54,-0.2624,-0.2465,1571.6,1589.93,1569.29,0.93,,Short,0.1625,11.8,0.0,,False,False,False,False,{'score': 25.73; 'smc': 17.09; 'sqzmom': 4.77; 'regime': 'mud'; 'weights': {'smc': 9.399610000000003; 'sqzmom': 2.5772727272727267; 'breakout': 3.74895}; 'breakdown': 'FINAL=25.7 | RAW=10.0 | SMC=17.1x1.00=17.1 | SQZ=4.8x0.9=4.3 | BRK=8.3 | SQZ_UNCONFIRMED_x0.9 | BRK_LOW(8.3<10.0) | DOM=balanced(w_smc=0.55;w_sqz=0.6;w_brk=0.45) | TIER=C(bonus=0.0;mult=0.6)'; 'grade': 'D'; 'allow': True; 'model': 'SMC_IMPULSE_ENGINE'; 'reasons': ['FINAL=25.7 | RAW=10.0 | SMC=17.1x1.00=17.1 | SQZ=4.8x0.9=4.3 | BRK=8.3 | SQZ_UNCONFIRMED_x0.9 | BRK_LOW(8.3<10.0) | DOM=balanced(w_smc=0.55;w_sqz=0.6;w_brk=0.45) | TIER=C(bonus=0.0;mult=0.6)']; 'smc_passed': True; 'sqz_passed': False},-0.2465,0.0053,25.19,25.73
2026-06-29 19:52:41,BTC/USDT,Short,False,HOLD,score=27.8_edge=6.1_ev_-0.22_too_low,21.76,27.82,6.06,-0.3069,-0.2214,59794.7,60377.81,59713.0,0.93,,Short,0.2282,9.6,0.0,,False,False,False,False,{'score': 27.82; 'smc': 15.87; 'sqzmom': 8.86; 'regime': 'mud'; 'weights': {'smc': 8.730068695652427; 'sqzmom': 4.786363636363636; 'breakout': 4.3011}; 'breakdown': 'FINAL=27.8 | RAW=10.0 | SMC=15.9x1.00=15.9 | SQZ=8.9x0.9=8.0 | BRK=9.6 | SQZ_UNCONFIRMED_x0.9 | BRK_LOW(9.6<10.0) | DOM=balanced(w_smc=0.55;w_sqz=0.6;w_brk=0.45) | TIER=C(bonus=0.0;mult=0.6)'; 'grade': 'D'; 'allow': True; 'model': 'SMC_IMPULSE_ENGINE'; 'reasons': ['FINAL=27.8 | RAW=10.0 | SMC=15.9x1.00=15.9 | SQZ=8.9x0.9=8.0 | BRK=9.6 | SQZ_UNCONFIRMED_x0.9 | BRK_LOW(9.6<10.0) | DOM=balanced(w_smc=0.55;w_sqz=0.6;w_brk=0.45) | TIER=C(bonus=0.0;mult=0.6)']; 'smc_passed': True; 'sqz_passed': False},-0.2214,0.0053,21.76,27.82
2026-06-29 20:03:11,BTC/USDT,Short,False,HOLD,score=22.9_edge=7.5_ev_-0.27_too_low,30.34,22.88,7.46,-0.2466,-0.2747,60013.8,60691.83,59200.16,0.94,,Short,3.0943,9.3,0.0,,False,False,False,False,{'score': 22.88; 'smc': 14.78; 'sqzmom': 4.77; 'regime': 'mud'; 'weights': {'smc': 8.127460000000001; 'sqzmom': 2.5772727272727267; 'breakout': 6.17895}; 'breakdown': 'FINAL=22.9 | RAW=6.0 | SMC=14.8x1.00=14.8 | SQZ=4.8x0.9=4.3 | BRK=13.7 | SQZ_UNCONFIRMED_x0.9 | BRK_PASSED(13.7>=10.0) | DOM=balanced(w_smc=0.55;w_sqz=0.6;w_brk=0.45) | TIER=C(bonus=0.0;mult=0.6)'; 'grade': 'D'; 'allow': True; 'model': 'SMC_IMPULSE_ENGINE'; 'reasons': ['FINAL=22.9 | RAW=6.0 | SMC=14.8x1.00=14.8 | SQZ=4.8x0.9=4.3 | BRK=13.7 | SQZ_UNCONFIRMED_x0.9 | BRK_PASSED(13.7>=10.0) | DOM=balanced(w_smc=0.55;w_sqz=0.6;w_brk=0.45) | TIER=C(bonus=0.0;mult=0.6)']; 'smc_passed': True; 'sqz_passed': False},-0.2747,0.0052,30.34,22.88
2026-06-29 20:03:16,ETH/USDT,Short,False,HOLD,score=24.7_edge=7.5_ev_-0.25_too_low,32.12,24.66,7.46,-0.2188,-0.2474,1577.2,1597.33,1553.04,0.93,,Short,2.5783,11.0,0.0,,False,False,False,False,{'score': 24.66; 'smc': 18.0; 'sqzmom': 4.77; 'regime': 'mud'; 'weights': {'smc': 9.899230000000001; 'sqzmom': 2.5772727272727267; 'breakout': 6.17895}; 'breakdown': 'FINAL=24.7 | RAW=6.0 | SMC=18.0x1.00=18.0 | SQZ=4.8x0.9=4.3 | BRK=13.7 | SQZ_UNCONFIRMED_x0.9 | BRK_PASSED(13.7>=10.0) | DOM=balanced(w_smc=0.55;w_sqz=0.6;w_brk=0.45) | TIER=C(bonus=0.0;mult=0.6)'; 'grade': 'D'; 'allow': True; 'model': 'SMC_IMPULSE_ENGINE'; 'reasons': ['FINAL=24.7 | RAW=6.0 | SMC=18.0x1.00=18.0 | SQZ=4.8x0.9=4.3 | BRK=13.7 | SQZ_UNCONFIRMED_x0.9 | BRK_PASSED(13.7>=10.0) | DOM=balanced(w_smc=0.55;w_sqz=0.6;w_brk=0.45) | TIER=C(bonus=0.0;mult=0.6)']; 'smc_passed': True; 'sqz_passed': False},-0.2474,0.0052,32.12,24.66
2026-06-29 20:06:54,BTC/USDT,Short,False,HOLD,score=14.5_edge=26.7_below_min_ev_-0.33_too_low,41.21,14.49,26.72,-0.1521,-0.334,60477.7,60730.43,59713.0,2.8,,Short,5.0747,11.6,0.0,,False,False,False,False,{'score': 14.49; 'smc': 16.28; 'sqzmom': 0.0; 'regime': 'mud'; 'weights': {'smc': 8.95246; 'sqzmom': 0.0; 'breakout': 5.534999999999999}; 'breakdown': 'FINAL=14.5 | RAW=0.0 | SMC=16.3x1.00=16.3 | SQZ=0.0x0.9=0.0 | BRK=12.3 | SQZ_UNCONFIRMED_x0.9 | BRK_PASSED(12.3>=10.0) | DOM=balanced(w_smc=0.55;w_sqz=0.6;w_brk=0.45) | TIER=C(bonus=0.0;mult=0.6)'; 'grade': 'D'; 'allow': True; 'model': 'SMC_IMPULSE_ENGINE'; 'reasons': ['FINAL=14.5 | RAW=0.0 | SMC=16.3x1.00=16.3 | SQZ=0.0x0.9=0.0 | BRK=12.3 | SQZ_UNCONFIRMED_x0.9 | BRK_PASSED(12.3>=10.0) | DOM=balanced(w_smc=0.55;w_sqz=0.6;w_brk=0.45) | TIER=C(bonus=0.0;mult=0.6)']; 'smc_passed': True; 'sqz_passed': False},-0.334,0.0057,41.21,14.49
2026-06-29 20:06:58,ETH/USDT,Short,False,HOLD,score=15.8_edge=26.7_below_min_ev_-0.32_too_low,42.48,15.76,26.72,-0.1336,-0.3152,1583.99,1598.16,1569.29,1.41,,Short,3.6624,12.9,0.0,,False,False,False,False,{'score': 15.76; 'smc': 18.59; 'sqzmom': 0.0; 'regime': 'mud'; 'weights': {'smc': 10.224610000000002; 'sqzmom': 0.0; 'breakout': 5.534999999999999}; 'breakdown': 'FINAL=15.8 | RAW=0.0 | SMC=18.6x1.00=18.6 | SQZ=0.0x0.9=0.0 | BRK=12.3 | SQZ_UNCONFIRMED_x0.9 | BRK_PASSED(12.3>=10.0) | DOM=balanced(w_smc=0.55;w_sqz=0.6;w_brk=0.45) | TIER=C(bonus=0.0;mult=0.6)'; 'grade': 'D'; 'allow': True; 'model': 'SMC_IMPULSE_ENGINE'; 'reasons': ['FINAL=15.8 | RAW=0.0 | SMC=18.6x1.00=18.6 | SQZ=0.0x0.9=0.0 | BRK=12.3 | SQZ_UNCONFIRMED_x0.9 | BRK_PASSED(12.3>=10.0) | DOM=balanced(w_smc=0.55;w_sqz=0.6;w_brk=0.45) | TIER=C(bonus=0.0;mult=0.6)']; 'smc_passed': True; 'sqz_passed': False},-0.3152,0.0057,42.48,15.76
2026-06-29 20:13:29,BTC/USDT,Short,False,HOLD,score=14.5_edge=26.7_below_min_ev_-0.33_too_low,41.21,14.49,26.72,-0.1521,-0.334,60708.3,60981.48,59713.0,2.8,,Short,7.0678,12.2,0.0,,False,False,False,False,{'score': 14.49; 'smc': 16.28; 'sqzmom': 0.0; 'regime': 'mud'; 'weights': {'smc': 8.95246; 'sqzmom': 0.0; 'breakout': 5.534999999999999}; 'breakdown': 'FINAL=14.5 | RAW=0.0 | SMC=16.3x1.00=16.3 | SQZ=0.0x0.9=0.0 | BRK=12.3 | SQZ_UNCONFIRMED_x0.9 | BRK_PASSED(12.3>=10.0) | DOM=balanced(w_smc=0.55;w_sqz=0.6;w_brk=0.45) | TIER=C(bonus=0.0;mult=0.6)'; 'grade': 'D'; 'allow': True; 'model': 'SMC_IMPULSE_ENGINE'; 'reasons': ['FINAL=14.5 | RAW=0.0 | SMC=16.3x1.00=16.3 | SQZ=0.0x0.9=0.0 | BRK=12.3 | SQZ_UNCONFIRMED_x0.9 | BRK_PASSED(12.3>=10.0) | DOM=balanced(w_smc=0.55;w_sqz=0.6;w_brk=0.45) | TIER=C(bonus=0.0;mult=0.6)']; 'smc_passed': True; 'sqz_passed': False},-0.334,0.006,41.21,14.49
2026-06-29 20:13:33,ETH/USDT,Short,False,HOLD,score=15.8_edge=26.7_below_min_ev_-0.32_too_low,42.48,15.76,26.72,-0.1336,-0.3152,1593.38,1601.39,1569.29,2.8,,Short,6.2907,14.0,0.0,,False,False,False,False,{'score': 15.76; 'smc': 18.59; 'sqzmom': 0.0; 'regime': 'mud'; 'weights': {'smc': 10.224610000000002; 'sqzmom': 0.0; 'breakout': 5.534999999999999}; 'breakdown': 'FINAL=15.8 | RAW=0.0 | SMC=18.6x1.00=18.6 | SQZ=0.0x0.9=0.0 | BRK=12.3 | SQZ_UNCONFIRMED_x0.9 | BRK_PASSED(12.3>=10.0) | DOM=balanced(w_smc=0.55;w_sqz=0.6;w_brk=0.45) | TIER=C(bonus=0.0;mult=0.6)'; 'grade': 'D'; 'allow': True; 'model': 'SMC_IMPULSE_ENGINE'; 'reasons': ['FINAL=15.8 | RAW=0.0 | SMC=18.6x1.00=18.6 | SQZ=0.0x0.9=0.0 | BRK=12.3 | SQZ_UNCONFIRMED_x0.9 | BRK_PASSED(12.3>=10.0) | DOM=balanced(w_smc=0.55;w_sqz=0.6;w_brk=0.45) | TIER=C(bonus=0.0;mult=0.6)']; 'smc_passed': True; 'sqz_passed': False},-0.3152,0.006,42.48,15.76
2026-06-29 20:21:29,BTC/USDT,Short,False,HOLD,score=11.2_edge=28.5_below_min_ev_-0.36_too_low,39.72,11.23,28.49,-0.1509,-0.3586,60611.1,60878.25,59713.0,2.8,,Short,0.9004,14.7,0.0,,False,False,False,False,{'score': 11.23; 'smc': 14.78; 'sqzmom': 0.0; 'regime': 'mud'; 'weights': {'smc': 8.127460000000001; 'sqzmom': 0.0; 'breakout': 3.105}; 'breakdown': 'FINAL=11.2 | RAW=0.0 | SMC=14.8x1.00=14.8 | SQZ=0.0x0.9=0.0 | BRK=6.9 | SQZ_UNCONFIRMED_x0.9 | BRK_LOW(6.9<10.0) | DOM=balanced(w_smc=0.55;w_sqz=0.6;w_brk=0.45) | TIER=C(bonus=0.0;mult=0.6)'; 'grade': 'D'; 'allow': True; 'model': 'SMC_IMPULSE_ENGINE'; 'reasons': ['FINAL=11.2 | RAW=0.0 | SMC=14.8x1.00=14.8 | SQZ=0.0x0.9=0.0 | BRK=6.9 | SQZ_UNCONFIRMED_x0.9 | BRK_LOW(6.9<10.0) | DOM=balanced(w_smc=0.55;w_sqz=0.6;w_brk=0.45) | TIER=C(bonus=0.0;mult=0.6)']; 'smc_passed': True; 'sqz_passed': False},-0.3586,0.006,39.72,11.23
2026-06-29 20:21:33,ETH/USDT,Short,False,HOLD,score=12.9_edge=28.5_below_min_ev_-0.34_too_low,41.34,12.86,28.48,-0.124,-0.335,1591.97,1599.76,1569.29,2.8,,Short,0.7469,16.0,0.0,,False,False,False,False,{'score': 12.86; 'smc': 17.74; 'sqzmom': 0.0; 'regime': 'mud'; 'weights': {'smc': 9.756009999999977; 'sqzmom': 0.0; 'breakout': 3.105}; 'breakdown': 'FINAL=12.9 | RAW=0.0 | SMC=17.7x1.00=17.7 | SQZ=0.0x0.9=0.0 | BRK=6.9 | SQZ_UNCONFIRMED_x0.9 | BRK_LOW(6.9<10.0) | DOM=balanced(w_smc=0.55;w_sqz=0.6;w_brk=0.45) | TIER=C(bonus=0.0;mult=0.6)'; 'grade': 'D'; 'allow': True; 'model': 'SMC_IMPULSE_ENGINE'; 'reasons': ['FINAL=12.9 | RAW=0.0 | SMC=17.7x1.00=17.7 | SQZ=0.0x0.9=0.0 | BRK=6.9 | SQZ_UNCONFIRMED_x0.9 | BRK_LOW(6.9<10.0) | DOM=balanced(w_smc=0.55;w_sqz=0.6;w_brk=0.45) | TIER=C(bonus=0.0;mult=0.6)']; 'smc_passed': True; 'sqz_passed': False},-0.335,0.006,41.34,12.86
2026-06-29 21:23:05,BTC/USDT,Short,False,HOLD,score=12.1_edge=28.5_below_min_ev_-0.35_too_low,40.62,12.13,28.49,-0.136,-0.3455,60116.2,60870.88,59210.59,1.12,,Short,0.2487,14.5,0.0,,False,False,False,False,{'score': 12.13; 'smc': 16.42; 'sqzmom': 0.0; 'regime': 'mud'; 'weights': {'smc': 9.02968; 'sqzmom': 0.0; 'breakout': 3.105}; 'breakdown': 'FINAL=12.1 | RAW=0.0 | SMC=16.4x1.00=16.4 | SQZ=0.0x0.9=0.0 | BRK=6.9 | SQZ_UNCONFIRMED_x0.9 | BRK_LOW(6.9<10.0) | DOM=balanced(w_smc=0.55;w_sqz=0.6;w_brk=0.45) | TIER=C(bonus=0.0;mult=0.6)'; 'grade': 'D'; 'allow': True; 'model': 'SMC_IMPULSE_ENGINE'; 'reasons': ['FINAL=12.1 | RAW=0.0 | SMC=16.4x1.00=16.4 | SQZ=0.0x0.9=0.0 | BRK=6.9 | SQZ_UNCONFIRMED_x0.9 | BRK_LOW(6.9<10.0) | DOM=balanced(w_smc=0.55;w_sqz=0.6;w_brk=0.45) | TIER=C(bonus=0.0;mult=0.6)']; 'smc_passed': True; 'sqz_passed': False},-0.3455,0.0044,40.62,12.13
2026-06-29 21:23:13,ETH/USDT,Short,False,HOLD,score=12.0_edge=26.7_below_min_ev_-0.35_too_low,38.73,12.0,26.73,-0.1672,-0.3474,1579.63,1599.39,1555.91,1.28,,Short,0.3763,15.4,0.0,,False,False,False,False,{'score': 12.0; 'smc': 16.18; 'sqzmom': 0.0; 'regime': 'mud'; 'weights': {'smc': 8.899000000000001; 'sqzmom': 0.0; 'breakout': 3.105}; 'breakdown': 'FINAL=12.0 | RAW=0.0 | SMC=16.2x1.00=16.2 | SQZ=0.0x0.9=0.0 | BRK=6.9 | SQZ_UNCONFIRMED_x0.9 | BRK_LOW(6.9<10.0) | DOM=balanced(w_smc=0.55;w_sqz=0.6;w_brk=0.45) | TIER=C(bonus=0.0;mult=0.6)'; 'grade': 'D'; 'allow': True; 'model': 'SMC_IMPULSE_ENGINE'; 'reasons': ['FINAL=12.0 | RAW=0.0 | SMC=16.2x1.00=16.2 | SQZ=0.0x0.9=0.0 | BRK=6.9 | SQZ_UNCONFIRMED_x0.9 | BRK_LOW(6.9<10.0) | DOM=balanced(w_smc=0.55;w_sqz=0.6;w_brk=0.45) | TIER=C(bonus=0.0;mult=0.6)']; 'smc_passed': True; 'sqz_passed': False},-0.3474,0.0043,38.73,12.0
2026-06-29 21:43:55,BTC/USDT,Short,True,HOLD,score_40.6_edge_25.3_approved,15.26,40.59,25.33,-0.36,-0.1197,59508.1,60544.9,58263.94,0.93,,Short,2.5021,13.6,0.0,,False,False,False,False,{'score': 40.59; 'smc': 16.42; 'sqzmom': 13.64; 'regime': 'mud'; 'weights': {'smc': 9.02968; 'sqzmom': 8.181818181818182; 'breakout': 7.3764}; 'breakdown': 'FINAL=40.6 | RAW=16.0 | SMC=16.4x1.00=16.4 | SQZ=13.6x1.0=13.6 | BRK=16.4 | SQZ_CONFIRMED | BRK_PASSED(16.4>=10.0) | DOM=balanced(w_smc=0.55;w_sqz=0.6;w_brk=0.45) | TIER=C(bonus=0.0;mult=0.6)'; 'grade': 'C'; 'allow': True; 'model': 'SMC_IMPULSE_ENGINE'; 'reasons': ['FINAL=40.6 | RAW=16.0 | SMC=16.4x1.00=16.4 | SQZ=13.6x1.0=13.6 | BRK=16.4 | SQZ_CONFIRMED | BRK_PASSED(16.4>=10.0) | DOM=balanced(w_smc=0.55;w_sqz=0.6;w_brk=0.45) | TIER=C(bonus=0.0;mult=0.6)']; 'smc_passed': True; 'sqz_passed': True},-0.1197,0.004,15.26,40.59
2026-06-29 21:44:01,ETH/USDT,Short,False,HOLD,score=30.4_edge=6.1_ev_-0.20_too_low,24.36,30.42,6.06,-0.2913,-0.205,1566.24,1596.29,1530.18,0.93,,Short,3.0589,14.4,0.0,,False,False,False,False,{'score': 30.42; 'smc': 16.18; 'sqzmom': 8.86; 'regime': 'mud'; 'weights': {'smc': 8.899000000000001; 'sqzmom': 4.786363636363636; 'breakout': 6.7311}; 'breakdown': 'FINAL=30.4 | RAW=10.0 | SMC=16.2x1.00=16.2 | SQZ=8.9x0.9=8.0 | BRK=15.0 | SQZ_UNCONFIRMED_x0.9 | BRK_PASSED(15.0>=10.0) | DOM=balanced(w_smc=0.55;w_sqz=0.6;w_brk=0.45) | TIER=C(bonus=0.0;mult=0.6)'; 'grade': 'D'; 'allow': True; 'model': 'SMC_IMPULSE_ENGINE'; 'reasons': ['FINAL=30.4 | RAW=10.0 | SMC=16.2x1.00=16.2 | SQZ=8.9x0.9=8.0 | BRK=15.0 | SQZ_UNCONFIRMED_x0.9 | BRK_PASSED(15.0>=10.0) | DOM=balanced(w_smc=0.55;w_sqz=0.6;w_brk=0.45) | TIER=C(bonus=0.0;mult=0.6)']; 'smc_passed': True; 'sqz_passed': False},-0.205,0.004,24.36,30.42
2026-06-29 21:45:58,BTC/USDT,Short,True,HOLD,score_39.9_edge_27.1_approved,12.83,39.92,27.09,-0.3724,-0.1047,59533.1,60535.64,58330.05,0.93,,Short,0.2446,13.3,0.0,,False,False,False,False,{'score': 39.92; 'smc': 19.62; 'sqzmom': 13.64; 'regime': 'mud'; 'weights': {'smc': 10.78968; 'sqzmom': 8.181818181818182; 'breakout': 4.9464}; 'breakdown': 'FINAL=39.9 | RAW=16.0 | SMC=19.6x1.00=19.6 | SQZ=13.6x1.0=13.6 | BRK=11.0 | SQZ_CONFIRMED | BRK_PASSED(11.0>=10.0) | DOM=balanced(w_smc=0.55;w_sqz=0.6;w_brk=0.45) | TIER=C(bonus=0.0;mult=0.6)'; 'grade': 'D'; 'allow': True; 'model': 'SMC_IMPULSE_ENGINE'; 'reasons': ['FINAL=39.9 | RAW=16.0 | SMC=19.6x1.00=19.6 | SQZ=13.6x1.0=13.6 | BRK=11.0 | SQZ_CONFIRMED | BRK_PASSED(11.0>=10.0) | DOM=balanced(w_smc=0.55;w_sqz=0.6;w_brk=0.45) | TIER=C(bonus=0.0;mult=0.6)']; 'smc_passed': True; 'sqz_passed': True},-0.1047,0.0039,12.83,39.92
2026-06-29 21:55:00,BTC/USDT,Short,True,HOLD,score_41.5_edge_27.1_approved,14.44,41.52,27.08,-0.3717,-0.104,59393.9,60434.56,58145.11,0.93,,Short,1.8318,13.6,0.0,,False,False,False,False,{'score': 41.52; 'smc': 18.12; 'sqzmom': 13.64; 'regime': 'mud'; 'weights': {'smc': 9.964680000000001; 'sqzmom': 8.181818181818182; 'breakout': 7.3764}; 'breakdown': 'FINAL=41.5 | RAW=16.0 | SMC=18.1x1.00=18.1 | SQZ=13.6x1.0=13.6 | BRK=16.4 | SQZ_CONFIRMED | BRK_PASSED(16.4>=10.0) | DOM=balanced(w_smc=0.55;w_sqz=0.6;w_brk=0.45) | TIER=C(bonus=0.0;mult=0.6)'; 'grade': 'C'; 'allow': True; 'model': 'SMC_IMPULSE_ENGINE'; 'reasons': ['FINAL=41.5 | RAW=16.0 | SMC=18.1x1.00=18.1 | SQZ=13.6x1.0=13.6 | BRK=16.4 | SQZ_CONFIRMED | BRK_PASSED(16.4>=10.0) | DOM=balanced(w_smc=0.55;w_sqz=0.6;w_brk=0.45) | TIER=C(bonus=0.0;mult=0.6)']; 'smc_passed': True; 'sqz_passed': True},-0.104,0.0043,14.44,41.52
2026-06-29 21:55:07,ETH/USDT,Short,False,HOLD,score=29.6_edge=6.1_ev_-0.22_too_low,23.53,29.59,6.06,-0.3038,-0.2181,1569.36,1599.64,1533.02,0.93,,Short,2.1614,13.3,0.0,,False,False,False,False,{'score': 29.59; 'smc': 14.68; 'sqzmom': 8.86; 'regime': 'mud'; 'weights': {'smc': 8.074; 'sqzmom': 4.786363636363636; 'breakout': 6.7311}; 'breakdown': 'FINAL=29.6 | RAW=10.0 | SMC=14.7x1.00=14.7 | SQZ=8.9x0.9=8.0 | BRK=15.0 | SQZ_UNCONFIRMED_x0.9 | BRK_PASSED(15.0>=10.0) | DOM=balanced(w_smc=0.55;w_sqz=0.6;w_brk=0.45) | TIER=C(bonus=0.0;mult=0.6)'; 'grade': 'D'; 'allow': True; 'model': 'SMC_IMPULSE_ENGINE'; 'reasons': ['FINAL=29.6 | RAW=10.0 | SMC=14.7x1.00=14.7 | SQZ=8.9x0.9=8.0 | BRK=15.0 | SQZ_UNCONFIRMED_x0.9 | BRK_PASSED(15.0>=10.0) | DOM=balanced(w_smc=0.55;w_sqz=0.6;w_brk=0.45) | TIER=C(bonus=0.0;mult=0.6)']; 'smc_passed': True; 'sqz_passed': False},-0.2181,0.0043,23.53,29.59
2026-06-29 22:04:44,BTC/USDT,Short,True,HOLD,score_39.9_edge_27.1_approved,12.83,39.92,27.09,-0.3724,-0.1047,59433.4,60441.49,58223.69,0.93,,Short,0.2664,13.4,0.0,,False,False,False,False,{'score': 39.92; 'smc': 19.62; 'sqzmom': 13.64; 'regime': 'mud'; 'weights': {'smc': 10.78968; 'sqzmom': 8.181818181818182; 'breakout': 4.9464}; 'breakdown': 'FINAL=39.9 | RAW=16.0 | SMC=19.6x1.00=19.6 | SQZ=13.6x1.0=13.6 | BRK=11.0 | SQZ_CONFIRMED | BRK_PASSED(11.0>=10.0) | DOM=balanced(w_smc=0.55;w_sqz=0.6;w_brk=0.45) | TIER=C(bonus=0.0;mult=0.6)'; 'grade': 'D'; 'allow': True; 'model': 'SMC_IMPULSE_ENGINE'; 'reasons': ['FINAL=39.9 | RAW=16.0 | SMC=19.6x1.00=19.6 | SQZ=13.6x1.0=13.6 | BRK=11.0 | SQZ_CONFIRMED | BRK_PASSED(11.0>=10.0) | DOM=balanced(w_smc=0.55;w_sqz=0.6;w_brk=0.45) | TIER=C(bonus=0.0;mult=0.6)']; 'smc_passed': True; 'sqz_passed': True},-0.1047,0.0046,12.83,39.92
2026-06-29 22:05:19,ETH/USDT,Short,False,HOLD,score=27.2_edge=6.1_ev_-0.23_too_low,21.1,27.16,6.06,-0.3167,-0.2318,1570.63,1599.66,1535.79,0.94,,Short,0.2121,12.4,0.0,,False,False,False,False,{'score': 27.16; 'smc': 14.68; 'sqzmom': 8.86; 'regime': 'mud'; 'weights': {'smc': 8.074; 'sqzmom': 4.786363636363636; 'breakout': 4.3011}; 'breakdown': 'FINAL=27.2 | RAW=10.0 | SMC=14.7x1.00=14.7 | SQZ=8.9x0.9=8.0 | BRK=9.6 | SQZ_UNCONFIRMED_x0.9 | BRK_LOW(9.6<10.0) | DOM=balanced(w_smc=0.55;w_sqz=0.6;w_brk=0.45) | TIER=C(bonus=0.0;mult=0.6)'; 'grade': 'D'; 'allow': True; 'model': 'SMC_IMPULSE_ENGINE'; 'reasons': ['FINAL=27.2 | RAW=10.0 | SMC=14.7x1.00=14.7 | SQZ=8.9x0.9=8.0 | BRK=9.6 | SQZ_UNCONFIRMED_x0.9 | BRK_LOW(9.6<10.0) | DOM=balanced(w_smc=0.55;w_sqz=0.6;w_brk=0.45) | TIER=C(bonus=0.0;mult=0.6)']; 'smc_passed': True; 'sqz_passed': False},-0.2318,0.0046,21.1,27.16
2026-06-29 22:15:00,BTC/USDT,Short,True,HOLD,score_42.4_edge_27.1_approved,15.26,42.35,27.09,-0.36,-0.0919,59068.1,60144.83,57776.02,0.93,,Short,2.0023,14.0,0.0,,False,False,False,False,{'score': 42.35; 'smc': 19.62; 'sqzmom': 13.64; 'regime': 'mud'; 'weights': {'smc': 10.78968; 'sqzmom': 8.181818181818182; 'breakout': 7.3764}; 'breakdown': 'FINAL=42.3 | RAW=16.0 | SMC=19.6x1.00=19.6 | SQZ=13.6x1.0=13.6 | BRK=16.4 | SQZ_CONFIRMED | BRK_PASSED(16.4>=10.0) | DOM=balanced(w_smc=0.55;w_sqz=0.6;w_brk=0.45) | TIER=C(bonus=0.0;mult=0.6)'; 'grade': 'C'; 'allow': True; 'model': 'SMC_IMPULSE_ENGINE'; 'reasons': ['FINAL=42.3 | RAW=16.0 | SMC=19.6x1.00=19.6 | SQZ=13.6x1.0=13.6 | BRK=16.4 | SQZ_CONFIRMED | BRK_PASSED(16.4>=10.0) | DOM=balanced(w_smc=0.55;w_sqz=0.6;w_brk=0.45) | TIER=C(bonus=0.0;mult=0.6)']; 'smc_passed': True; 'sqz_passed': True},-0.0919,0.0048,15.26,42.35
2026-06-29 22:15:21,ETH/USDT,Short,True,HOLD,score_39.8_edge_27.1_approved,12.7,39.79,27.09,-0.3742,-0.1069,1559.51,1588.46,1524.77,0.93,,Short,0.0,12.6,0.0,,False,False,False,False,{'score': 39.79; 'smc': 19.38; 'sqzmom': 13.64; 'regime': 'mud'; 'weights': {'smc': 10.659000000000002; 'sqzmom': 8.181818181818182; 'breakout': 4.9464}; 'breakdown': 'FINAL=39.8 | RAW=16.0 | SMC=19.4x1.00=19.4 | SQZ=13.6x1.0=13.6 | BRK=11.0 | SQZ_CONFIRMED | BRK_PASSED(11.0>=10.0) | DOM=balanced(w_smc=0.55;w_sqz=0.6;w_brk=0.45) | TIER=C(bonus=0.0;mult=0.6)'; 'grade': 'D'; 'allow': True; 'model': 'SMC_IMPULSE_ENGINE'; 'reasons': ['FINAL=39.8 | RAW=16.0 | SMC=19.4x1.00=19.4 | SQZ=13.6x1.0=13.6 | BRK=11.0 | SQZ_CONFIRMED | BRK_PASSED(11.0>=10.0) | DOM=balanced(w_smc=0.55;w_sqz=0.6;w_brk=0.45) | TIER=C(bonus=0.0;mult=0.6)']; 'smc_passed': True; 'sqz_passed': True},-0.1069,0.0048,12.7,39.79
2026-07-04 18:28:46,BTC/USDT,Long,False,HOLD,score=28.5_edge=6.1_ev_-0.21_too_low,28.51,22.45,6.06,-0.2105,-0.2966,62476.3,62277.24,62774.89,1.5,,Long,0.5386,9.4,0.0,,False,False,False,False,{'score': 28.51; 'smc': 17.13; 'sqzmom': 8.86; 'regime': 'mud'; 'weights': {'smc': 9.422710000000002; 'sqzmom': 4.786363636363636; 'breakout': 4.3011}; 'breakdown': 'FINAL=28.5 | RAW=10.0 | SMC=17.1x1.00=17.1 | SQZ=8.9x0.9=8.0 | BRK=9.6 | SQZ_UNCONFIRMED_x0.9 | BRK_LOW(9.6<10.0) | DOM=balanced(w_smc=0.55;w_sqz=0.6;w_brk=0.45) | TIER=C(bonus=0.0;mult=0.6)'; 'grade': 'D'; 'allow': True; 'model': 'SMC_IMPULSE_ENGINE'; 'reasons': ['FINAL=28.5 | RAW=10.0 | SMC=17.1x1.00=17.1 | SQZ=8.9x0.9=8.0 | BRK=9.6 | SQZ_UNCONFIRMED_x0.9 | BRK_LOW(9.6<10.0) | DOM=balanced(w_smc=0.55;w_sqz=0.6;w_brk=0.45) | TIER=C(bonus=0.0;mult=0.6)']; 'smc_passed': True; 'sqz_passed': False},-0.2105,0.01,28.51,22.45
2026-07-04 18:29:20,ETH/USDT,Long,True,HOLD,score_52.7_edge_41.1_approved,52.73,11.67,41.06,-0.0584,-0.3762,1758.04,1749.55,1770.78,1.5,,Long,0.4905,24.1,0.0,,False,False,False,False,{'score': 52.73; 'smc': 21.54; 'sqzmom': 13.64; 'regime': 'transition'; 'weights': {'smc': 17.232480000000002; 'sqzmom': 6.136363636363637; 'breakout': 4.3632}; 'breakdown': 'FINAL=52.7 | RAW=20.0 | SMC=21.5x1.00=21.5 | SQZ=13.6x1.0=13.6 | BRK=10.9 | SQZ_CONFIRMED | BRK_PASSED(10.9>=10.0) | DOM=structure(w_smc=0.8;w_sqz=0.45;w_brk=0.4) | TIER=B(bonus=5.0;mult=1.0)'; 'grade': 'C'; 'allow': True; 'model': 'SMC_IMPULSE_ENGINE'; 'reasons': ['FINAL=52.7 | RAW=20.0 | SMC=21.5x1.00=21.5 | SQZ=13.6x1.0=13.6 | BRK=10.9 | SQZ_CONFIRMED | BRK_PASSED(10.9>=10.0) | DOM=structure(w_smc=0.8;w_sqz=0.45;w_brk=0.4) | TIER=B(bonus=5.0;mult=1.0)']; 'smc_passed': True; 'sqz_passed': True},-0.0584,0.01,52.73,11.67
2026-07-04 23:49:42,BTC/USDT,Long,True,HOLD,score_54.3_edge_40.4_approved,54.33,13.96,40.37,-0.0453,-0.3484,62940.3,62700.62,63299.81,1.5,,Long,0.685,40.3,0.0,,False,False,False,False,{'score': 54.33; 'smc': 23.5; 'sqzmom': 13.64; 'regime': 'trend'; 'weights': {'smc': 18.8; 'sqzmom': 6.136363636363637; 'breakout': 4.3968}; 'breakdown': 'FINAL=54.3 | RAW=20.0 | SMC=23.5x1.00=23.5 | SQZ=13.6x1.0=13.6 | BRK=11.0 | SQZ_CONFIRMED | BRK_PASSED(11.0>=10.0) | DOM=structure(w_smc=0.8;w_sqz=0.45;w_brk=0.4) | TIER=B(bonus=5.0;mult=1.0)'; 'grade': 'C'; 'allow': True; 'model': 'SMC_IMPULSE_ENGINE'; 'reasons': ['FINAL=54.3 | RAW=20.0 | SMC=23.5x1.00=23.5 | SQZ=13.6x1.0=13.6 | BRK=11.0 | SQZ_CONFIRMED | BRK_PASSED(11.0>=10.0) | DOM=structure(w_smc=0.8;w_sqz=0.45;w_brk=0.4) | TIER=B(bonus=5.0;mult=1.0)']; 'smc_passed': True; 'sqz_passed': True},-0.0453,0.0094,54.33,13.96
2026-07-04 23:49:49,ETH/USDT,Long,True,HOLD,score_46.5_edge_34.3_approved,46.53,12.23,34.3,-0.1151,-0.3442,1793.43,1779.55,1814.25,1.5,,Short,0.339,52.0,0.0,,False,False,False,False,{'score': 46.53; 'smc': 15.28; 'sqzmom': 13.64; 'regime': 'trend'; 'weights': {'smc': 8.40609; 'sqzmom': 8.181818181818182; 'breakout': 4.9464}; 'breakdown': 'FINAL=46.5 | RAW=20.0 | SMC=15.3x1.00=15.3 | SQZ=13.6x1.0=13.6 | BRK=11.0 | SQZ_CONFIRMED | BRK_PASSED(11.0>=10.0) | DOM=balanced(w_smc=0.55;w_sqz=0.6;w_brk=0.45) | TIER=B(bonus=5.0;mult=1.0)'; 'grade': 'C'; 'allow': True; 'model': 'SMC_IMPULSE_ENGINE'; 'reasons': ['FINAL=46.5 | RAW=20.0 | SMC=15.3x1.00=15.3 | SQZ=13.6x1.0=13.6 | BRK=11.0 | SQZ_CONFIRMED | BRK_PASSED(11.0>=10.0) | DOM=balanced(w_smc=0.55;w_sqz=0.6;w_brk=0.45) | TIER=B(bonus=5.0;mult=1.0)']; 'smc_passed': True; 'sqz_passed': True},-0.1151,0.0094,46.53,12.23
2026-07-05 10:26:00,BTC/USDT,Short,True,HOLD,score_43.5_edge_26.3_approved,17.15,43.46,26.31,-0.325,-0.1246,62699.8,62975.35,62286.47,1.5,,Long,1.8805,29.0,0.0,,False,False,False,False,{'score': 43.46; 'smc': 14.01; 'sqzmom': 13.64; 'regime': 'trend'; 'weights': {'smc': 7.7068200000000004; 'sqzmom': 8.181818181818182; 'breakout': 6.5664}; 'breakdown': 'FINAL=43.5 | RAW=16.0 | SMC=14.0x1.00=14.0 | SQZ=13.6x1.0=13.6 | BRK=14.6 | SQZ_CONFIRMED | BRK_PASSED(14.6>=10.0) | DOM=balanced(w_smc=0.55;w_sqz=0.6;w_brk=0.45) | TIER=C(bonus=5.0;mult=0.6)'; 'grade': 'C'; 'allow': True; 'model': 'SMC_IMPULSE_ENGINE'; 'reasons': ['FINAL=43.5 | RAW=16.0 | SMC=14.0x1.00=14.0 | SQZ=13.6x1.0=13.6 | BRK=14.6 | SQZ_CONFIRMED | BRK_PASSED(14.6>=10.0) | DOM=balanced(w_smc=0.55;w_sqz=0.6;w_brk=0.45) | TIER=C(bonus=5.0;mult=0.6)']; 'smc_passed': True; 'sqz_passed': True},-0.1246,0.0073,17.15,43.46
2026-07-05 10:26:04,ETH/USDT,Long,False,HOLD,score=25.3_edge=10.0_ev_-0.25_too_low,25.27,35.24,9.97,-0.2531,-0.1768,1762.5,1750.42,1780.62,1.5,,Long,1.3478,36.8,0.0,,False,False,False,False,{'score': 25.27; 'smc': 16.95; 'sqzmom': 4.09; 'regime': 'trend'; 'weights': {'smc': 9.324370000000002; 'sqzmom': 2.209090909090909; 'breakout': 4.737150000000001}; 'breakdown': 'FINAL=25.3 | RAW=4.0 | SMC=17.0x1.00=17.0 | SQZ=4.1x0.9=3.7 | BRK=10.5 | SQZ_UNCONFIRMED_x0.9 | BRK_PASSED(10.5>=10.0) | DOM=balanced(w_smc=0.55;w_sqz=0.6;w_brk=0.45) | TIER=C(bonus=5.0;mult=0.6)'; 'grade': 'D'; 'allow': True; 'model': 'SMC_IMPULSE_ENGINE'; 'reasons': ['FINAL=25.3 | RAW=4.0 | SMC=17.0x1.00=17.0 | SQZ=4.1x0.9=3.7 | BRK=10.5 | SQZ_UNCONFIRMED_x0.9 | BRK_PASSED(10.5>=10.0) | DOM=balanced(w_smc=0.55;w_sqz=0.6;w_brk=0.45) | TIER=C(bonus=5.0;mult=0.6)']; 'smc_passed': True; 'sqz_passed': False},-0.2531,0.0072,25.27,35.24
2026-07-05 10:32:41,BTC/USDT,Short,True,HOLD,score_41.8_edge_26.3_approved,15.53,41.84,26.31,-0.3335,-0.1265,62738.6,63000.78,62345.32,1.5,,Long,0.0734,29.9,0.0,,False,False,False,False,{'score': 41.84; 'smc': 14.01; 'sqzmom': 13.64; 'regime': 'trend'; 'weights': {'smc': 7.7068200000000004; 'sqzmom': 8.181818181818182; 'breakout': 4.9464}; 'breakdown': 'FINAL=41.8 | RAW=16.0 | SMC=14.0x1.00=14.0 | SQZ=13.6x1.0=13.6 | BRK=11.0 | SQZ_CONFIRMED | BRK_PASSED(11.0>=10.0) | DOM=balanced(w_smc=0.55;w_sqz=0.6;w_brk=0.45) | TIER=C(bonus=5.0;mult=0.6)'; 'grade': 'C'; 'allow': True; 'model': 'SMC_IMPULSE_ENGINE'; 'reasons': ['FINAL=41.8 | RAW=16.0 | SMC=14.0x1.00=14.0 | SQZ=13.6x1.0=13.6 | BRK=11.0 | SQZ_CONFIRMED | BRK_PASSED(11.0>=10.0) | DOM=balanced(w_smc=0.55;w_sqz=0.6;w_brk=0.45) | TIER=C(bonus=5.0;mult=0.6)']; 'smc_passed': True; 'sqz_passed': True},-0.1265,0.007,15.53,41.84
2026-07-05 10:32:45,ETH/USDT,Long,False,HOLD,score=18.4_edge=15.0_below_min_ev_-0.30_too_low,18.37,33.33,14.96,-0.2987,-0.1964,1763.71,1752.1,1781.12,1.5,,Long,0.1643,38.7,0.0,,False,False,False,False,{'score': 18.37; 'smc': 15.45; 'sqzmom': 4.09; 'regime': 'trend'; 'weights': {'smc': 8.499370000000003; 'sqzmom': 2.209090909090909; 'breakout': 3.6571499999999997}; 'breakdown': 'FINAL=18.4 | RAW=4.0 | SMC=15.5x1.00=15.5 | SQZ=4.1x0.9=3.7 | BRK=8.1 | SQZ_UNCONFIRMED_x0.9 | BRK_LOW(8.1<10.0) | DOM=balanced(w_smc=0.55;w_sqz=0.6;w_brk=0.45) | TIER=C(bonus=0.0;mult=0.6)'; 'grade': 'D'; 'allow': True; 'model': 'SMC_IMPULSE_ENGINE'; 'reasons': ['FINAL=18.4 | RAW=4.0 | SMC=15.5x1.00=15.5 | SQZ=4.1x0.9=3.7 | BRK=8.1 | SQZ_UNCONFIRMED_x0.9 | BRK_LOW(8.1<10.0) | DOM=balanced(w_smc=0.55;w_sqz=0.6;w_brk=0.45) | TIER=C(bonus=0.0;mult=0.6)']; 'smc_passed': True; 'sqz_passed': False},-0.2987,0.007,18.37,33.33
2026-07-05 10:35:40,BTC/USDT,Short,True,HOLD,score_42.7_edge_26.3_approved,16.35,42.66,26.31,-0.3214,-0.1162,62770.0,63036.88,62369.67,1.5,,Long,0.1843,29.7,0.0,,False,False,False,False,{'score': 42.66; 'smc': 15.51; 'sqzmom': 13.64; 'regime': 'trend'; 'weights': {'smc': 8.53182; 'sqzmom': 8.181818181818182; 'breakout': 4.9464}; 'breakdown': 'FINAL=42.7 | RAW=16.0 | SMC=15.5x1.00=15.5 | SQZ=13.6x1.0=13.6 | BRK=11.0 | SQZ_CONFIRMED | BRK_PASSED(11.0>=10.0) | DOM=balanced(w_smc=0.55;w_sqz=0.6;w_brk=0.45) | TIER=C(bonus=5.0;mult=0.6)'; 'grade': 'C'; 'allow': True; 'model': 'SMC_IMPULSE_ENGINE'; 'reasons': ['FINAL=42.7 | RAW=16.0 | SMC=15.5x1.00=15.5 | SQZ=13.6x1.0=13.6 | BRK=11.0 | SQZ_CONFIRMED | BRK_PASSED(11.0>=10.0) | DOM=balanced(w_smc=0.55;w_sqz=0.6;w_brk=0.45) | TIER=C(bonus=5.0;mult=0.6)']; 'smc_passed': True; 'sqz_passed': True},-0.1162,0.007,16.35,42.66
2026-07-05 10:35:52,ETH/USDT,Long,False,HOLD,score=23.4_edge=10.0_ev_-0.27_too_low,23.37,33.33,9.96,-0.2717,-0.1964,1764.62,1752.79,1782.37,1.5,,Long,0.2901,38.2,0.0,,False,False,False,False,{'score': 23.37; 'smc': 15.45; 'sqzmom': 4.09; 'regime': 'trend'; 'weights': {'smc': 8.499370000000003; 'sqzmom': 2.209090909090909; 'breakout': 3.6571499999999997}; 'breakdown': 'FINAL=23.4 | RAW=4.0 | SMC=15.5x1.00=15.5 | SQZ=4.1x0.9=3.7 | BRK=8.1 | SQZ_UNCONFIRMED_x0.9 | BRK_LOW(8.1<10.0) | DOM=balanced(w_smc=0.55;w_sqz=0.6;w_brk=0.45) | TIER=C(bonus=5.0;mult=0.6)'; 'grade': 'D'; 'allow': True; 'model': 'SMC_IMPULSE_ENGINE'; 'reasons': ['FINAL=23.4 | RAW=4.0 | SMC=15.5x1.00=15.5 | SQZ=4.1x0.9=3.7 | BRK=8.1 | SQZ_UNCONFIRMED_x0.9 | BRK_LOW(8.1<10.0) | DOM=balanced(w_smc=0.55;w_sqz=0.6;w_brk=0.45) | TIER=C(bonus=5.0;mult=0.6)']; 'smc_passed': True; 'sqz_passed': False},-0.2717,0.007,23.37,33.33
2026-07-05 10:37:27,BTC/USDT,Short,True,HOLD,score_41.8_edge_26.3_approved,15.53,41.84,26.31,-0.3335,-0.1265,62752.5,63019.38,62352.17,1.5,,Long,0.2713,29.7,0.0,,False,False,False,False,{'score': 41.84; 'smc': 14.01; 'sqzmom': 13.64; 'regime': 'trend'; 'weights': {'smc': 7.7068200000000004; 'sqzmom': 8.181818181818182; 'breakout': 4.9464}; 'breakdown': 'FINAL=41.8 | RAW=16.0 | SMC=14.0x1.00=14.0 | SQZ=13.6x1.0=13.6 | BRK=11.0 | SQZ_CONFIRMED | BRK_PASSED(11.0>=10.0) | DOM=balanced(w_smc=0.55;w_sqz=0.6;w_brk=0.45) | TIER=C(bonus=5.0;mult=0.6)'; 'grade': 'C'; 'allow': True; 'model': 'SMC_IMPULSE_ENGINE'; 'reasons': ['FINAL=41.8 | RAW=16.0 | SMC=14.0x1.00=14.0 | SQZ=13.6x1.0=13.6 | BRK=11.0 | SQZ_CONFIRMED | BRK_PASSED(11.0>=10.0) | DOM=balanced(w_smc=0.55;w_sqz=0.6;w_brk=0.45) | TIER=C(bonus=5.0;mult=0.6)']; 'smc_passed': True; 'sqz_passed': True},-0.1265,0.007,15.53,41.84
2026-07-05 10:37:32,ETH/USDT,Long,False,HOLD,score=23.4_edge=10.0_ev_-0.27_too_low,23.37,33.33,9.96,-0.2717,-0.1964,1764.3,1752.47,1782.05,1.5,,Long,0.3585,38.2,0.0,,False,False,False,False,{'score': 23.37; 'smc': 15.45; 'sqzmom': 4.09; 'regime': 'trend'; 'weights': {'smc': 8.499370000000003; 'sqzmom': 2.209090909090909; 'breakout': 3.6571499999999997}; 'breakdown': 'FINAL=23.4 | RAW=4.0 | SMC=15.5x1.00=15.5 | SQZ=4.1x0.9=3.7 | BRK=8.1 | SQZ_UNCONFIRMED_x0.9 | BRK_LOW(8.1<10.0) | DOM=balanced(w_smc=0.55;w_sqz=0.6;w_brk=0.45) | TIER=C(bonus=5.0;mult=0.6)'; 'grade': 'D'; 'allow': True; 'model': 'SMC_IMPULSE_ENGINE'; 'reasons': ['FINAL=23.4 | RAW=4.0 | SMC=15.5x1.00=15.5 | SQZ=4.1x0.9=3.7 | BRK=8.1 | SQZ_UNCONFIRMED_x0.9 | BRK_LOW(8.1<10.0) | DOM=balanced(w_smc=0.55;w_sqz=0.6;w_brk=0.45) | TIER=C(bonus=5.0;mult=0.6)']; 'smc_passed': True; 'sqz_passed': False},-0.2717,0.007,23.37,33.33
2026-07-05 10:38:49,BTC/USDT,Short,True,HOLD,score_41.8_edge_26.3_approved,15.53,41.84,26.31,-0.3335,-0.1265,62739.6,63006.48,62339.27,1.5,,Long,0.2835,29.7,0.0,,False,False,False,False,{'score': 41.84; 'smc': 14.01; 'sqzmom': 13.64; 'regime': 'trend'; 'weights': {'smc': 7.7068200000000004; 'sqzmom': 8.181818181818182; 'breakout': 4.9464}; 'breakdown': 'FINAL=41.8 | RAW=16.0 | SMC=14.0x1.00=14.0 | SQZ=13.6x1.0=13.6 | BRK=11.0 | SQZ_CONFIRMED | BRK_PASSED(11.0>=10.0) | DOM=balanced(w_smc=0.55;w_sqz=0.6;w_brk=0.45) | TIER=C(bonus=5.0;mult=0.6)'; 'grade': 'C'; 'allow': True; 'model': 'SMC_IMPULSE_ENGINE'; 'reasons': ['FINAL=41.8 | RAW=16.0 | SMC=14.0x1.00=14.0 | SQZ=13.6x1.0=13.6 | BRK=11.0 | SQZ_CONFIRMED | BRK_PASSED(11.0>=10.0) | DOM=balanced(w_smc=0.55;w_sqz=0.6;w_brk=0.45) | TIER=C(bonus=5.0;mult=0.6)']; 'smc_passed': True; 'sqz_passed': True},-0.1265,0.007,15.53,41.84
2026-07-05 10:38:53,ETH/USDT,Long,False,HOLD,score=18.4_edge=15.0_below_min_ev_-0.30_too_low,18.37,33.33,14.96,-0.2987,-0.1964,1763.35,1751.52,1781.1,1.5,,Long,0.3825,38.2,0.0,,False,False,False,False,{'score': 18.37; 'smc': 15.45; 'sqzmom': 4.09; 'regime': 'trend'; 'weights': {'smc': 8.499370000000003; 'sqzmom': 2.209090909090909; 'breakout': 3.6571499999999997}; 'breakdown': 'FINAL=18.4 | RAW=4.0 | SMC=15.5x1.00=15.5 | SQZ=4.1x0.9=3.7 | BRK=8.1 | SQZ_UNCONFIRMED_x0.9 | BRK_LOW(8.1<10.0) | DOM=balanced(w_smc=0.55;w_sqz=0.6;w_brk=0.45) | TIER=C(bonus=0.0;mult=0.6)'; 'grade': 'D'; 'allow': True; 'model': 'SMC_IMPULSE_ENGINE'; 'reasons': ['FINAL=18.4 | RAW=4.0 | SMC=15.5x1.00=15.5 | SQZ=4.1x0.9=3.7 | BRK=8.1 | SQZ_UNCONFIRMED_x0.9 | BRK_LOW(8.1<10.0) | DOM=balanced(w_smc=0.55;w_sqz=0.6;w_brk=0.45) | TIER=C(bonus=0.0;mult=0.6)']; 'smc_passed': True; 'sqz_passed': False},-0.2987,0.007,18.37,33.33
2026-07-05 11:29:17,BTC/USDT,Short,True,HOLD,score_39.1_edge_20.0_approved,19.11,39.08,19.97,-0.2875,-0.1553,62643.3,62908.34,62245.74,1.5,,Long,0.5392,30.3,0.0,,False,False,False,False,{'score': 39.08; 'smc': 15.51; 'sqzmom': 9.55; 'regime': 'trend'; 'weights': {'smc': 8.53182; 'sqzmom': 5.154545454545453; 'breakout': 4.3942499999999995}; 'breakdown': 'FINAL=39.1 | RAW=16.0 | SMC=15.5x1.00=15.5 | SQZ=9.5x0.9=8.6 | BRK=9.8 | SQZ_UNCONFIRMED_x0.9 | BRK_LOW(9.8<10.0) | DOM=balanced(w_smc=0.55;w_sqz=0.6;w_brk=0.45) | TIER=C(bonus=5.0;mult=0.6)'; 'grade': 'D'; 'allow': True; 'model': 'SMC_IMPULSE_ENGINE'; 'reasons': ['FINAL=39.1 | RAW=16.0 | SMC=15.5x1.00=15.5 | SQZ=9.5x0.9=8.6 | BRK=9.8 | SQZ_UNCONFIRMED_x0.9 | BRK_LOW(9.8<10.0) | DOM=balanced(w_smc=0.55;w_sqz=0.6;w_brk=0.45) | TIER=C(bonus=5.0;mult=0.6)']; 'smc_passed': True; 'sqz_passed': False},-0.1553,0.0074,19.11,39.08
2026-07-05 11:29:23,ETH/USDT,Short,True,HOLD,score_39.2_edge_20.0_approved,19.19,39.16,19.97,-0.2863,-0.154,1757.56,1769.5,1739.65,1.5,,Long,0.7136,40.8,0.0,,False,False,False,False,{'score': 39.16; 'smc': 15.65; 'sqzmom': 9.55; 'regime': 'trend'; 'weights': {'smc': 8.60937; 'sqzmom': 5.154545454545453; 'breakout': 4.3942499999999995}; 'breakdown': 'FINAL=39.2 | RAW=16.0 | SMC=15.7x1.00=15.7 | SQZ=9.5x0.9=8.6 | BRK=9.8 | SQZ_UNCONFIRMED_x0.9 | BRK_LOW(9.8<10.0) | DOM=balanced(w_smc=0.55;w_sqz=0.6;w_brk=0.45) | TIER=C(bonus=5.0;mult=0.6)'; 'grade': 'D'; 'allow': True; 'model': 'SMC_IMPULSE_ENGINE'; 'reasons': ['FINAL=39.2 | RAW=16.0 | SMC=15.7x1.00=15.7 | SQZ=9.5x0.9=8.6 | BRK=9.8 | SQZ_UNCONFIRMED_x0.9 | BRK_LOW(9.8<10.0) | DOM=balanced(w_smc=0.55;w_sqz=0.6;w_brk=0.45) | TIER=C(bonus=5.0;mult=0.6)']; 'smc_passed': True; 'sqz_passed': False},-0.154,0.0074,19.19,39.16
2026-07-05 12:05:01,BTC/USDT,Short,True,HOLD,score_38.3_edge_20.0_approved,18.29,38.26,19.97,-0.2999,-0.1687,62725.7,62973.01,62354.73,1.5,,Long,0.1728,30.0,0.0,,False,False,False,False,{'score': 38.26; 'smc': 14.01; 'sqzmom': 9.55; 'regime': 'trend'; 'weights': {'smc': 7.7068200000000004; 'sqzmom': 5.154545454545453; 'breakout': 4.3942499999999995}; 'breakdown': 'FINAL=38.3 | RAW=16.0 | SMC=14.0x1.00=14.0 | SQZ=9.5x0.9=8.6 | BRK=9.8 | SQZ_UNCONFIRMED_x0.9 | BRK_LOW(9.8<10.0) | DOM=balanced(w_smc=0.55;w_sqz=0.6;w_brk=0.45) | TIER=C(bonus=5.0;mult=0.6)'; 'grade': 'D'; 'allow': True; 'model': 'SMC_IMPULSE_ENGINE'; 'reasons': ['FINAL=38.3 | RAW=16.0 | SMC=14.0x1.00=14.0 | SQZ=9.5x0.9=8.6 | BRK=9.8 | SQZ_UNCONFIRMED_x0.9 | BRK_LOW(9.8<10.0) | DOM=balanced(w_smc=0.55;w_sqz=0.6;w_brk=0.45) | TIER=C(bonus=5.0;mult=0.6)']; 'smc_passed': True; 'sqz_passed': False},-0.1687,0.0076,18.29,38.26
2026-07-05 12:05:07,ETH/USDT,Short,True,HOLD,score_38.3_edge_20.0_approved,18.37,38.33,19.96,-0.2987,-0.1675,1761.01,1771.67,1745.02,1.5,,Long,0.1803,42.5,0.0,,False,False,False,False,{'score': 38.33; 'smc': 14.15; 'sqzmom': 9.55; 'regime': 'trend'; 'weights': {'smc': 7.78437; 'sqzmom': 5.154545454545453; 'breakout': 4.3942499999999995}; 'breakdown': 'FINAL=38.3 | RAW=16.0 | SMC=14.2x1.00=14.2 | SQZ=9.5x0.9=8.6 | BRK=9.8 | SQZ_UNCONFIRMED_x0.9 | BRK_LOW(9.8<10.0) | DOM=balanced(w_smc=0.55;w_sqz=0.6;w_brk=0.45) | TIER=C(bonus=5.0;mult=0.6)'; 'grade': 'D'; 'allow': True; 'model': 'SMC_IMPULSE_ENGINE'; 'reasons': ['FINAL=38.3 | RAW=16.0 | SMC=14.2x1.00=14.2 | SQZ=9.5x0.9=8.6 | BRK=9.8 | SQZ_UNCONFIRMED_x0.9 | BRK_LOW(9.8<10.0) | DOM=balanced(w_smc=0.55;w_sqz=0.6;w_brk=0.45) | TIER=C(bonus=5.0;mult=0.6)']; 'smc_passed': True; 'sqz_passed': False},-0.1675,0.0076,18.37,38.33
2026-07-05 15:39:54,BTC/USDT,Long,True,HOLD,score_37.4_edge_17.2_approved,37.37,20.16,17.21,0.0864,-0.0031,62850.5,62635.97,63172.29,1.5,,Long,0.8932,20.0,0.0,,False,False,False,False,{'score': 37.37; 'smc': 16.74; 'sqzmom': 8.86; 'regime': 'transition'; 'weights': {'smc': 9.208540000000003; 'sqzmom': 4.786363636363636; 'breakout': 4.37265}; 'breakdown': 'FINAL=37.4 | RAW=14.0 | SMC=16.7x1.00=16.7 | SQZ=8.9x0.9=8.0 | BRK=9.7 | SQZ_UNCONFIRMED_x0.9 | BRK_LOW(9.7<10.0) | DOM=balanced(w_smc=0.55;w_sqz=0.6;w_brk=0.45) | TIER=C(bonus=5.0;mult=0.6)'; 'grade': 'D'; 'allow': True; 'model': 'SMC_IMPULSE_ENGINE'; 'reasons': ['FINAL=37.4 | RAW=14.0 | SMC=16.7x1.00=16.7 | SQZ=8.9x0.9=8.0 | BRK=9.7 | SQZ_UNCONFIRMED_x0.9 | BRK_LOW(9.7<10.0) | DOM=balanced(w_smc=0.55;w_sqz=0.6;w_brk=0.45) | TIER=C(bonus=5.0;mult=0.6)']; 'smc_passed': True; 'sqz_passed': False},0.0864,0.008,37.37,20.16
2026-07-05 15:39:59,ETH/USDT,Long,True,HOLD,score_33.2_edge_13.2_approved,33.22,19.99,13.23,0.0737,-0.0038,1766.04,1757.01,1779.58,1.5,,Long,0.8909,26.5,0.0,,False,False,False,False,{'score': 33.22; 'smc': 18.43; 'sqzmom': 8.86; 'regime': 'trend'; 'weights': {'smc': 10.135510000000002; 'sqzmom': 4.786363636363636; 'breakout': 4.3011}; 'breakdown': 'FINAL=33.2 | RAW=14.0 | SMC=18.4x1.00=18.4 | SQZ=8.9x0.9=8.0 | BRK=9.6 | SQZ_UNCONFIRMED_x0.9 | BRK_LOW(9.6<10.0) | DOM=balanced(w_smc=0.55;w_sqz=0.6;w_brk=0.45) | TIER=C(bonus=0.0;mult=0.6)'; 'grade': 'D'; 'allow': True; 'model': 'SMC_IMPULSE_ENGINE'; 'reasons': ['FINAL=33.2 | RAW=14.0 | SMC=18.4x1.00=18.4 | SQZ=8.9x0.9=8.0 | BRK=9.6 | SQZ_UNCONFIRMED_x0.9 | BRK_LOW(9.6<10.0) | DOM=balanced(w_smc=0.55;w_sqz=0.6;w_brk=0.45) | TIER=C(bonus=0.0;mult=0.6)']; 'smc_passed': True; 'sqz_passed': False},0.0737,0.008,33.22,19.99
2026-07-06 07:49:03,BTC/USDT,Long,True,HOLD,score_39.0_edge_35.1_approved,38.98,3.91,35.07,0.0598,-0.1207,99.41,95.97,104.57,1.5,,Both,0.6487,31.4,0.0,,False,False,False,False,{'score': 38.98; 'smc': 0.15; 'sqzmom': 13.64; 'regime': 'trend'; 'weights': {'smc': 0.045556500000000014; 'sqzmom': 8.181818181818182; 'breakout': 5.7564}; 'breakdown': 'FINAL=39.0 | RAW=20.0 | SMC=0.2x0.55=0.1 | SQZ=13.6x1.0=13.6 | BRK=12.8 | SQZ_CONFIRMED | BRK_PASSED(12.8>=10.0) | DOM=balanced(w_smc=0.55;w_sqz=0.6;w_brk=0.45) | TIER=C(bonus=5.0;mult=0.6)'; 'grade': 'D'; 'allow': True; 'model': 'SMC_IMPULSE_ENGINE'; 'reasons': ['FINAL=39.0 | RAW=20.0 | SMC=0.2x0.55=0.1 | SQZ=13.6x1.0=13.6 | BRK=12.8 | SQZ_CONFIRMED | BRK_PASSED(12.8>=10.0) | DOM=balanced(w_smc=0.55;w_sqz=0.6;w_brk=0.45) | TIER=C(bonus=5.0;mult=0.6)']; 'smc_passed': False; 'sqz_passed': True},0.0598,0.0081,38.98,3.91
2026-07-06 08:14:08,BTC/USDT,Long,True,HOLD,score_39.0_edge_35.1_approved,38.98,3.91,35.07,0.0598,-0.1207,99.41,95.97,104.57,1.5,,Both,0.6487,31.4,0.0,,False,False,False,False,{'score': 38.98; 'smc': 0.15; 'sqzmom': 13.64; 'regime': 'trend'; 'weights': {'smc': 0.045556500000000014; 'sqzmom': 8.181818181818182; 'breakout': 5.7564}; 'breakdown': 'FINAL=39.0 | RAW=20.0 | SMC=0.2x0.55=0.1 | SQZ=13.6x1.0=13.6 | BRK=12.8 | SQZ_CONFIRMED | BRK_PASSED(12.8>=10.0) | DOM=balanced(w_smc=0.55;w_sqz=0.6;w_brk=0.45) | TIER=C(bonus=5.0;mult=0.6)'; 'grade': 'D'; 'allow': True; 'model': 'SMC_IMPULSE_ENGINE'; 'reasons': ['FINAL=39.0 | RAW=20.0 | SMC=0.2x0.55=0.1 | SQZ=13.6x1.0=13.6 | BRK=12.8 | SQZ_CONFIRMED | BRK_PASSED(12.8>=10.0) | DOM=balanced(w_smc=0.55;w_sqz=0.6;w_brk=0.45) | TIER=C(bonus=5.0;mult=0.6)']; 'smc_passed': False; 'sqz_passed': True},0.0598,0.0079,38.98,3.91
2026-07-06 08:14:57,BTC/USDT,Long,True,HOLD,score_42.9_edge_28.0_approved,42.93,14.96,27.97,0.1013,-0.022,63525.1,63139.89,64102.92,1.5,,Short,1.1132,40.0,0.0,,False,False,False,False,{'score': 42.93; 'smc': 14.25; 'sqzmom': 9.55; 'regime': 'trend'; 'weights': {'smc': 7.83681430385097; 'sqzmom': 5.154545454545453; 'breakout': 4.93425}; 'breakdown': 'FINAL=42.9 | RAW=20.0 | SMC=14.2x1.00=14.2 | SQZ=9.5x0.9=8.6 | BRK=11.0 | SQZ_UNCONFIRMED_x0.9 | BRK_PASSED(11.0>=10.0) | DOM=balanced(w_smc=0.55;w_sqz=0.6;w_brk=0.45) | TIER=C(bonus=5.0;mult=0.6)'; 'grade': 'C'; 'allow': True; 'model': 'SMC_IMPULSE_ENGINE'; 'reasons': ['FINAL=42.9 | RAW=20.0 | SMC=14.2x1.00=14.2 | SQZ=9.5x0.9=8.6 | BRK=11.0 | SQZ_UNCONFIRMED_x0.9 | BRK_PASSED(11.0>=10.0) | DOM=balanced(w_smc=0.55;w_sqz=0.6;w_brk=0.45) | TIER=C(bonus=5.0;mult=0.6)']; 'smc_passed': True; 'sqz_passed': False},0.1013,0.0079,42.93,14.96
2026-07-06 08:15:45,BTC/USDT,Long,True,HOLD,score_43.0_edge_28.0_approved,43.02,15.06,27.96,0.1045,-0.0184,63628.6,63260.67,64180.49,1.5,,Short,0.061,40.5,0.0,,False,False,False,False,{'score': 43.02; 'smc': 15.41; 'sqzmom': 9.55; 'regime': 'trend'; 'weights': {'smc': 8.474400000000001; 'sqzmom': 5.154545454545453; 'breakout': 4.3942499999999995}; 'breakdown': 'FINAL=43.0 | RAW=20.0 | SMC=15.4x1.00=15.4 | SQZ=9.5x0.9=8.6 | BRK=9.8 | SQZ_UNCONFIRMED_x0.9 | BRK_LOW(9.8<10.0) | DOM=balanced(w_smc=0.55;w_sqz=0.6;w_brk=0.45) | TIER=C(bonus=5.0;mult=0.6)'; 'grade': 'C'; 'allow': True; 'model': 'SMC_IMPULSE_ENGINE'; 'reasons': ['FINAL=43.0 | RAW=20.0 | SMC=15.4x1.00=15.4 | SQZ=9.5x0.9=8.6 | BRK=9.8 | SQZ_UNCONFIRMED_x0.9 | BRK_LOW(9.8<10.0) | DOM=balanced(w_smc=0.55;w_sqz=0.6;w_brk=0.45) | TIER=C(bonus=5.0;mult=0.6)']; 'smc_passed': True; 'sqz_passed': False},0.1045,0.008,43.02,15.06
2026-07-06 13:14:24,BTC/USDT,Short,True,HOLD,score_38.2_edge_20.6_approved,17.64,38.2,20.56,-0.0156,0.0836,63194.5,63559.38,62647.18,1.5,,Both,0.5351,21.0,0.0,,False,False,False,False,{'score': 38.2; 'smc': 13.81; 'sqzmom': 9.55; 'regime': 'transition'; 'weights': {'smc': 7.598077074235893; 'sqzmom': 5.154545454545453; 'breakout': 4.44825}; 'breakdown': 'FINAL=38.2 | RAW=16.0 | SMC=13.8x1.00=13.8 | SQZ=9.5x0.9=8.6 | BRK=9.9 | SQZ_UNCONFIRMED_x0.9 | BRK_LOW(9.9<10.0) | DOM=balanced(w_smc=0.55;w_sqz=0.6;w_brk=0.45) | TIER=C(bonus=5.0;mult=0.6)'; 'grade': 'D'; 'allow': True; 'model': 'SMC_IMPULSE_ENGINE'; 'reasons': ['FINAL=38.2 | RAW=16.0 | SMC=13.8x1.00=13.8 | SQZ=9.5x0.9=8.6 | BRK=9.9 | SQZ_UNCONFIRMED_x0.9 | BRK_LOW(9.9<10.0) | DOM=balanced(w_smc=0.55;w_sqz=0.6;w_brk=0.45) | TIER=C(bonus=5.0;mult=0.6)']; 'smc_passed': True; 'sqz_passed': False},0.0836,0.0071,17.64,38.2
2026-07-06 13:14:32,ETH/USDT,Short,True,HOLD,score_34.5_edge_17.0_approved,17.44,34.46,17.02,-0.038,0.0671,1775.74,1790.26,1753.96,1.5,,Both,0.6383,18.3,0.0,,False,False,False,False,{'score': 34.46; 'smc': 9.69; 'sqzmom': 13.64; 'regime': 'mud'; 'weights': {'smc': 5.331040000000001; 'sqzmom': 8.181818181818182; 'breakout': 4.9464}; 'breakdown': 'FINAL=34.5 | RAW=16.0 | SMC=9.7x1.00=9.7 | SQZ=13.6x1.0=13.6 | BRK=11.0 | SQZ_CONFIRMED | BRK_PASSED(11.0>=10.0) | DOM=balanced(w_smc=0.55;w_sqz=0.6;w_brk=0.45) | TIER=C(bonus=0.0;mult=0.6)'; 'grade': 'D'; 'allow': True; 'model': 'SMC_IMPULSE_ENGINE'; 'reasons': ['FINAL=34.5 | RAW=16.0 | SMC=9.7x1.00=9.7 | SQZ=13.6x1.0=13.6 | BRK=11.0 | SQZ_CONFIRMED | BRK_PASSED(11.0>=10.0) | DOM=balanced(w_smc=0.55;w_sqz=0.6;w_brk=0.45) | TIER=C(bonus=0.0;mult=0.6)']; 'smc_passed': True; 'sqz_passed': True},0.0671,0.0071,17.44,34.46
2026-07-06 13:19:58,BTC/USDT,Short,True,HOLD,score_41.1_edge_26.7_approved,14.37,41.09,26.72,-0.0425,0.1029,63153.3,63505.39,62625.17,1.5,,Both,0.2043,20.7,0.0,,False,False,False,False,{'score': 41.09; 'smc': 12.72; 'sqzmom': 13.64; 'regime': 'transition'; 'weights': {'smc': 6.997174004305673; 'sqzmom': 8.181818181818182; 'breakout': 4.9086}; 'breakdown': 'FINAL=41.1 | RAW=16.0 | SMC=12.7x1.00=12.7 | SQZ=13.6x1.0=13.6 | BRK=10.9 | SQZ_CONFIRMED | BRK_PASSED(10.9>=10.0) | DOM=balanced(w_smc=0.55;w_sqz=0.6;w_brk=0.45) | TIER=C(bonus=5.0;mult=0.6)'; 'grade': 'C'; 'allow': True; 'model': 'SMC_IMPULSE_ENGINE'; 'reasons': ['FINAL=41.1 | RAW=16.0 | SMC=12.7x1.00=12.7 | SQZ=13.6x1.0=13.6 | BRK=10.9 | SQZ_CONFIRMED | BRK_PASSED(10.9>=10.0) | DOM=balanced(w_smc=0.55;w_sqz=0.6;w_brk=0.45) | TIER=C(bonus=5.0;mult=0.6)']; 'smc_passed': True; 'sqz_passed': True},0.1029,0.007,14.37,41.09
2026-07-06 13:20:04,ETH/USDT,Short,True,HOLD,score_36.2_edge_18.8_approved,17.44,36.22,18.78,-0.038,0.0831,1775.12,1789.09,1754.16,1.5,,Both,0.1495,18.2,0.0,,False,False,False,False,{'score': 36.22; 'smc': 12.89; 'sqzmom': 13.64; 'regime': 'mud'; 'weights': {'smc': 7.091040000000001; 'sqzmom': 8.181818181818182; 'breakout': 4.9464}; 'breakdown': 'FINAL=36.2 | RAW=16.0 | SMC=12.9x1.00=12.9 | SQZ=13.6x1.0=13.6 | BRK=11.0 | SQZ_CONFIRMED | BRK_PASSED(11.0>=10.0) | DOM=balanced(w_smc=0.55;w_sqz=0.6;w_brk=0.45) | TIER=C(bonus=0.0;mult=0.6)'; 'grade': 'D'; 'allow': True; 'model': 'SMC_IMPULSE_ENGINE'; 'reasons': ['FINAL=36.2 | RAW=16.0 | SMC=12.9x1.00=12.9 | SQZ=13.6x1.0=13.6 | BRK=11.0 | SQZ_CONFIRMED | BRK_PASSED(11.0>=10.0) | DOM=balanced(w_smc=0.55;w_sqz=0.6;w_brk=0.45) | TIER=C(bonus=0.0;mult=0.6)']; 'smc_passed': True; 'sqz_passed': True},0.0831,0.007,17.44,36.22
2026-07-06 13:28:28,BTC/USDT,Short,True,HOLD,score_43.8_edge_26.7_approved,17.07,43.79,26.72,-0.0338,0.0916,63010.8,63382.13,62453.81,1.5,,Both,1.5034,21.5,0.0,,False,False,False,False,{'score': 43.79; 'smc': 13.95; 'sqzmom': 13.64; 'regime': 'transition'; 'weights': {'smc': 7.6708500000000015; 'sqzmom': 8.181818181818182; 'breakout': 6.9336}; 'breakdown': 'FINAL=43.8 | RAW=16.0 | SMC=13.9x1.00=13.9 | SQZ=13.6x1.0=13.6 | BRK=15.4 | SQZ_CONFIRMED | BRK_PASSED(15.4>=10.0) | DOM=balanced(w_smc=0.55;w_sqz=0.6;w_brk=0.45) | TIER=C(bonus=5.0;mult=0.6)'; 'grade': 'C'; 'allow': True; 'model': 'SMC_IMPULSE_ENGINE'; 'reasons': ['FINAL=43.8 | RAW=16.0 | SMC=13.9x1.00=13.9 | SQZ=13.6x1.0=13.6 | BRK=15.4 | SQZ_CONFIRMED | BRK_PASSED(15.4>=10.0) | DOM=balanced(w_smc=0.55;w_sqz=0.6;w_brk=0.45) | TIER=C(bonus=5.0;mult=0.6)']; 'smc_passed': True; 'sqz_passed': True},0.0916,0.0065,17.07,43.79
2026-07-06 13:28:33,ETH/USDT,Short,True,HOLD,score_39.5_edge_15.5_approved,23.99,39.47,15.48,0.0,0.082,1768.57,1783.38,1746.36,1.5,,Long,2.5036,19.0,0.0,,False,False,False,False,{'score': 39.47; 'smc': 14.39; 'sqzmom': 13.64; 'regime': 'mud'; 'weights': {'smc': 7.9160400000000015; 'sqzmom': 8.181818181818182; 'breakout': 7.3764}; 'breakdown': 'FINAL=39.5 | RAW=16.0 | SMC=14.4x1.00=14.4 | SQZ=13.6x1.0=13.6 | BRK=16.4 | SQZ_CONFIRMED | BRK_PASSED(16.4>=10.0) | DOM=balanced(w_smc=0.55;w_sqz=0.6;w_brk=0.45) | TIER=C(bonus=0.0;mult=0.6)'; 'grade': 'D'; 'allow': True; 'model': 'SMC_IMPULSE_ENGINE'; 'reasons': ['FINAL=39.5 | RAW=16.0 | SMC=14.4x1.00=14.4 | SQZ=13.6x1.0=13.6 | BRK=16.4 | SQZ_CONFIRMED | BRK_PASSED(16.4>=10.0) | DOM=balanced(w_smc=0.55;w_sqz=0.6;w_brk=0.45) | TIER=C(bonus=0.0;mult=0.6)']; 'smc_passed': True; 'sqz_passed': True},0.082,0.0065,23.99,39.47
