timestamp,symbol,direction,approved,long_score,short_score,edge,entry,sl,tp1,rr,regime,adx,atr_pct,volume_ratio,bsl_level,ssl_level,is_bsl_swept,is_ssl_swept,bearish_ob,bullish_ob,bearish_fvg,bullish_fvg,has_bot_div,has_top_div,squeeze,htf_allowed,state,reason
2026-06-29 17:05:46,BTC/USDT,Short,True,16.19,35.17,18.98,59830.6,60391.48843269114,59508.824307697614,1.0039562749179598,"{'swing_high': 60321.1, 'swing_low': 59713.0, 'poc': 59655.395, 'vah': 60032.54, 'val': 59194.439999999995, 'utc_hour': 17, 'chan_up': 60321.1, 'chan_lw': 59355.7, 'chan_mid': 59838.399999999994, 'chan_pos': 0.4919204474829094, 'at_channel_low': False, 'at_channel_high': False, 'kline_long_ok': False, 'kline_short_ok': False, 'sqzmom_color': 'green', 'prev_sqzmom_color': 'green', 'sqzmom_white_reversal_long': False, 'sqzmom_white_reversal_short': False, 'regime_info': {'regime': 'mud', 'squeeze': 'building', 'volatility': 'low', 'adx': 9.88605503108855, 'atr_ratio': 0.7981627909174638}, 'regime': 'mud', 'squeeze': 'building', 'volatility': 'low', 'adx': 9.88605503108855, 'ADX_14': 9.88605503108855, 'atr': 201.1098076889894, 'atr_pct': 0.0033613202556716697, 'atr_ratio': 0.7981627909174638, 'avg_volume_20': 337.228965, 'volume_ratio': 0.0980117470039977, 'long_quality': 56.0, 'short_quality': 56.0, 'long_quality_reasons': ['bullish OB', 'low volume'], 'short_quality_reasons': ['bearish OB', 'low volume'], 'setup_quality': 56.0, 'preferred_direction_by_quality': 'Long', 'near_bullish_ob': False, 'near_bearish_ob': True, 'near_bullish_fvg': False, 'near_bearish_fvg': False, 'pf_guard_enabled': True, 'pf_guard_note': 'Prefer setups with sweep + OB/FVG + channel edge; keeps trade count higher than hard filters while protecting PF.', 'pivot_threshold': 0.3, 'liq_hp': [25, 45, 51, 59, 81, 87, 91, 100, 103, 108, 118, 122, 132, 147, 153, 167, 177, 183, 188, 196, 218, 221, 237, 244, 268, 275, 281, 296, 308], 'liq_lp': [19, 34, 38, 48, 70, 77, 93, 99, 115, 128, 137, 159, 169, 180, 191, 208, 228, 239, 247, 257, 266, 278, 285, 291, 303, 311, 317], 'price_hp_idx': 308, 'price_lp_idx': 317, 'bsl_idx': 308, 'ssl_idx': 317, 'bsl_level': np.float64(60321.1), 'ssl_level': np.float64(59713.0), 'is_bsl_swept': False, 'is_ssl_swept': False, 'bearish_fvg': None, 'bullish_fvg': None, 'bearish_ob': (np.float64(60161.4), np.float64(59982.7)), 'bullish_ob': (np.float64(59150.0), np.float64(58477.0)), 'bearish_ob_valid': True, 'bullish_ob_valid': True, 'ob_valid': True, 'pivot_strength_high': 0.4984, 'pivot_strength_low': 0.2795, 'has_top_div': False, 'has_bot_div': False, 'has_top_vol_div': False, 'has_bot_vol_div': False, 'top_div_strength': 0.0, 'bot_div_strength': 0.0, 'just_confirmed_top': False, 'just_confirmed_bot': False, 'curr_color': '藍色 🔵 (看漲)', 'prev_color': '藍色 🔵 (看漲)', 'color_changed': False, 'momentum': -53.32902662264678, 'plus_di': 19.532675876295922, 'minus_di': 25.57385522318949, 'dmi_bull': False, 'dmi_bear': False, 'ema_20': 59883.929026622645, 'close': 59830.6, 'body_pct': 0.2872467222884163, 'symbol': 'BTC/USDT', 'volume_confirmed': False, 'funding_rate': 0.0068, 'htf_direction': 'Short', 'setup_type': 'ob', 'smc_zone_score': 0.7779, 'has_valid_zone': True, 'macro_conflict': False, 'too_extended': False, 'fe_bottom': False, 'fe_top': False, 'same_side_div_count_12': 0.0, 'vwap_align': None, 'rr': 1.0, 'distance_atr': 0.0, 'ob_strength': 0.4984, 'fvg_quality': 0.0, 'displacement': 0.2795, 'liquidity': 0.0, 'htf_forced_direction': 'Short', 'htf_allowed': 'Short'}",0,0,0,0,0,False,False,,,,,False,False,,,APPROVED,score_35.2_edge_19.0_approved
2026-06-29 17:05:46,ETH/USDT,Short,False,15.26,34.24,18.980000000000004,1573.1,0,0,0,{},0,0,0,0,0,False,False,,,,,False,False,,,HOLD,score=34.2_edge=19.0_below_min
2026-06-29 17:18:40,BTC/USDT,,False,0,0,0.0,0,0,0,0,{},0,0,0,0,0,False,False,,,,,False,False,,,ERROR,"Traceback (most recent call last):
  File ""C:\Users\Administrator\Desktop\SMC_Bot\runner\v11_institutional_runner.py"", line 482, in run_once
    results.append(evaluate_symbol(symbol, cfg))
                   ^^^^^^^^^^^^^^^^^^^^^^^^^^^^
  File ""C:\Users\Administrator\Desktop\SMC_Bot\runner\v11_institutional_runner.py"", line 342, in evaluate_symbol
    long_ev=long_ev,
            ^^^^^^^
NameError: name 'long_ev' is not defined. Did you mean: 'long_ctx'?
"
2026-06-29 17:18:40,ETH/USDT,,False,0,0,0.0,0,0,0,0,{},0,0,0,0,0,False,False,,,,,False,False,,,ERROR,"Traceback (most recent call last):
  File ""C:\Users\Administrator\Desktop\SMC_Bot\runner\v11_institutional_runner.py"", line 482, in run_once
    results.append(evaluate_symbol(symbol, cfg))
                   ^^^^^^^^^^^^^^^^^^^^^^^^^^^^
  File ""C:\Users\Administrator\Desktop\SMC_Bot\runner\v11_institutional_runner.py"", line 342, in evaluate_symbol
    long_ev=long_ev,
            ^^^^^^^
NameError: name 'long_ev' is not defined. Did you mean: 'long_ctx'?
"
2026-06-29 17:38:45,BTC/USDT,Short,True,16.19,35.17,18.98,59880.2,60394.275281249975,59545.684428571534,1.1387481004268485,"{'swing_high': 60321.1, 'swing_low': 59713.0, 'poc': 59620.0075, 'vah': 60140.56, 'val': 59339.71, 'utc_hour': 17, 'chan_up': 60321.1, 'chan_lw': 59355.7, 'chan_mid': 59838.399999999994, 'chan_pos': 0.5432981147710785, 'at_channel_low': False, 'at_channel_high': False, 'kline_long_ok': False, 'kline_short_ok': True, 'sqzmom_color': 'red', 'prev_sqzmom_color': 'green', 'sqzmom_white_reversal_long': False, 'sqzmom_white_reversal_short': False, 'regime_info': {'regime': 'mud', 'squeeze': 'building', 'volatility': 'normal', 'adx': 8.610678581876348, 'atr_ratio': 0.8561328212111415}, 'regime': 'mud', 'squeeze': 'building', 'volatility': 'normal', 'adx': 8.610678581876348, 'ADX_14': 8.610678581876348, 'atr': 209.07223214278875, 'atr_pct': 0.003491508581180236, 'atr_ratio': 0.8561328212111415, 'avg_volume_20': 366.651785, 'volume_ratio': 0.25973063243098626, 'long_quality': 56.0, 'short_quality': 62.0, 'long_quality_reasons': ['bullish OB', 'low volume'], 'short_quality_reasons': ['bearish OB', 'bearish candle', 'low volume'], 'setup_quality': 62.0, 'preferred_direction_by_quality': 'Short', 'near_bullish_ob': False, 'near_bearish_ob': True, 'near_bullish_fvg': False, 'near_bearish_fvg': False, 'pf_guard_enabled': True, 'pf_guard_note': 'Prefer setups with sweep + OB/FVG + channel edge; keeps trade count higher than hard filters while protecting PF.', 'pivot_threshold': 0.35, 'liq_hp': [23, 43, 49, 57, 79, 85, 89, 98, 101, 106, 116, 130, 145, 151, 165, 175, 181, 194, 216, 219, 235, 242, 266, 273, 279, 294, 306], 'liq_lp': [17, 32, 36, 46, 68, 75, 91, 97, 113, 126, 135, 157, 167, 178, 189, 206, 226, 237, 245, 255, 264, 276, 283, 289, 301, 309, 315], 'price_hp_idx': 306, 'price_lp_idx': 315, 'bsl_idx': 306, 'ssl_idx': 315, 'bsl_level': np.float64(60321.1), 'ssl_level': np.float64(59713.0), 'is_bsl_swept': False, 'is_ssl_swept': False, 'bearish_fvg': None, 'bullish_fvg': None, 'bearish_ob': (np.float64(60161.4), np.float64(59982.7)), 'bullish_ob': (np.float64(59150.0), np.float64(58477.0)), 'bearish_ob_valid': True, 'bullish_ob_valid': True, 'ob_valid': True, 'pivot_strength_high': 0.4984, 'pivot_strength_low': 0.2795, 'has_top_div': False, 'has_bot_div': False, 'has_top_vol_div': False, 'has_bot_vol_div': False, 'top_div_strength': 0.0, 'bot_div_strength': 0.0, 'just_confirmed_top': False, 'just_confirmed_bot': False, 'curr_color': '藍色 🔵 (看漲)', 'prev_color': '藍色 🔵 (看漲)', 'color_changed': False, 'momentum': -11.975850429364073, 'plus_di': 20.94647482505199, 'minus_di': 21.211126329207865, 'dmi_bull': False, 'dmi_bear': False, 'ema_20': 59892.17585042936, 'close': 59880.2, 'body_pct': 0.18620689655174644, 'symbol': 'BTC/USDT', 'volume_confirmed': False, 'funding_rate': 0.0068, 'htf_direction': 'Short', 'setup_type': 'ob', 'smc_zone_score': 0.7779, 'has_valid_zone': True, 'macro_conflict': False, 'too_extended': False, 'fe_bottom': False, 'fe_top': False, 'same_side_div_count_12': 0.0, 'vwap_align': None, 'rr': 1.0, 'distance_atr': 0.0, 'ob_strength': 0.4984, 'fvg_quality': 0.0, 'displacement': 0.2795, 'liquidity': 0.0, 'htf_forced_direction': 'Short', 'htf_allowed': 'Short'}",0,0,0,0,0,False,False,,,,,False,False,,,APPROVED,score_35.2_edge_19.0_approved
2026-06-29 17:38:45,ETH/USDT,Short,True,16.08,35.06,18.980000000000004,1572.97,1590.6287541159877,1562.3699811840565,1.050472349638006,"{'swing_high': 1588.31, 'swing_low': 1569.5, 'poc': 1581.33875, 'vah': 1584.515, 'val': 1567.575, 'utc_hour': 17, 'chan_up': 1588.31, 'chan_lw': 1561.39, 'chan_mid': 1574.85, 'chan_pos': 0.43016344725111416, 'at_channel_low': False, 'at_channel_high': False, 'kline_long_ok': False, 'kline_short_ok': False, 'sqzmom_color': 'red', 'prev_sqzmom_color': 'maroon', 'sqzmom_white_reversal_long': False, 'sqzmom_white_reversal_short': False, 'regime_info': {'regime': 'mud', 'squeeze': 'building', 'volatility': 'normal', 'adx': 13.13176483510015, 'atr_ratio': 0.8571057973631043}, 'regime': 'mud', 'squeeze': 'building', 'volatility': 'normal', 'adx': 13.13176483510015, 'ADX_14': 13.13176483510015, 'atr': 6.625011759964742, 'atr_pct': 0.004211785196135172, 'atr_ratio': 0.8571057973631043, 'avg_volume_20': 6844.08, 'volume_ratio': 0.21636216993372373, 'long_quality': 56.0, 'short_quality': 56.0, 'long_quality_reasons': ['bullish OB', 'low volume'], 'short_quality_reasons': ['bearish OB', 'low volume'], 'setup_quality': 56.0, 'preferred_direction_by_quality': 'Long', 'near_bullish_ob': True, 'near_bearish_ob': False, 'near_bullish_fvg': False, 'near_bearish_fvg': False, 'pf_guard_enabled': True, 'pf_guard_note': 'Prefer setups with sweep + OB/FVG + channel edge; keeps trade count higher than hard filters while protecting PF.', 'pivot_threshold': 0.35, 'liq_hp': [23, 43, 50, 57, 62, 80, 89, 98, 116, 120, 133, 145, 151, 156, 165, 174, 181, 186, 194, 204, 221, 235, 242, 266, 273, 279, 294, 306], 'liq_lp': [17, 32, 35, 40, 43, 46, 69, 76, 91, 113, 126, 135, 157, 167, 178, 189, 194, 210, 226, 237, 252, 255, 261, 264, 272, 276, 283, 289, 301, 309, 315], 'price_hp_idx': 306, 'price_lp_idx': 315, 'bsl_idx': 306, 'ssl_idx': 315, 'bsl_level': np.float64(1588.31), 'ssl_level': np.float64(1569.5), 'is_bsl_swept': False, 'is_ssl_swept': False, 'bearish_fvg': None, 'bullish_fvg': None, 'bearish_ob': (np.float64(1582.91), np.float64(1580.0)), 'bullish_ob': (np.float64(1569.92), np.float64(1549.19)), 'bearish_ob_valid': True, 'bullish_ob_valid': True, 'ob_valid': True, 'pivot_strength_high': 0.2166, 'pivot_strength_low': 0.2986, 'has_top_div': False, 'has_bot_div': np.False_, 'has_top_vol_div': False, 'has_bot_vol_div': np.False_, 'top_div_strength': 0.0, 'bot_div_strength': 0.0, 'just_confirmed_top': False, 'just_confirmed_bot': np.False_, 'curr_color': '藍色 🔵 (看漲)', 'prev_color': '藍色 🔵 (看漲)', 'color_changed': False, 'momentum': -3.204891495658103, 'plus_di': 18.93121943418383, 'minus_di': 21.796690967916618, 'dmi_bull': False, 'dmi_bear': False, 'ema_20': 1576.1748914956581, 'close': 1572.97, 'body_pct': 0.6249999999999493, 'symbol': 'ETH/USDT', 'volume_confirmed': False, 'funding_rate': 0.0068, 'htf_direction': 'Short', 'setup_type': 'ob', 'smc_zone_score': 0.5152, 'has_valid_zone': True, 'macro_conflict': False, 'too_extended': False, 'fe_bottom': False, 'fe_top': False, 'same_side_div_count_12': 0.0, 'vwap_align': None, 'rr': 1.0, 'distance_atr': 0.0, 'ob_strength': 0.2166, 'fvg_quality': 0.0, 'displacement': 0.2986, 'liquidity': 0.0, 'htf_forced_direction': 'Short', 'htf_allowed': 'Short'}",0,0,0,0,0,False,False,,,,,False,False,,,APPROVED,score_35.1_edge_19.0_approved
2026-06-29 17:43:28,BTC/USDT,Short,False,29.78,22.32,7.460000000000001,59951.1,0,0,0,{},0,0,0,0,0,False,False,,,,,False,False,,,HOLD,score=22.3_edge=7.5_ev_-0.26_too_low
2026-06-29 17:43:28,ETH/USDT,Short,True,15.26,34.24,18.980000000000004,1574.62,1590.6287541159877,1564.0199811840564,1.1587430722904049,"{'swing_high': 1588.31, 'swing_low': 1569.5, 'poc': 1581.33875, 'vah': 1584.515, 'val': 1567.575, 'utc_hour': 17, 'chan_up': 1588.31, 'chan_lw': 1561.39, 'chan_mid': 1574.85, 'chan_pos': 0.49145616641901435, 'at_channel_low': False, 'at_channel_high': False, 'kline_long_ok': False, 'kline_short_ok': False, 'sqzmom_color': 'red', 'prev_sqzmom_color': 'maroon', 'sqzmom_white_reversal_long': False, 'sqzmom_white_reversal_short': False, 'regime_info': {'regime': 'mud', 'squeeze': 'building', 'volatility': 'normal', 'adx': 13.13176483510015, 'atr_ratio': 0.8571057973631043}, 'regime': 'mud', 'squeeze': 'building', 'volatility': 'normal', 'adx': 13.13176483510015, 'ADX_14': 13.13176483510015, 'atr': 6.625011759964742, 'atr_pct': 0.004207371784916197, 'atr_ratio': 0.8571057973631043, 'avg_volume_20': 6868.369499999999, 'volume_ratio': 0.28632559736339175, 'long_quality': 56.0, 'short_quality': 56.0, 'long_quality_reasons': ['bullish OB', 'low volume'], 'short_quality_reasons': ['bearish OB', 'low volume'], 'setup_quality': 56.0, 'preferred_direction_by_quality': 'Long', 'near_bullish_ob': True, 'near_bearish_ob': True, 'near_bullish_fvg': False, 'near_bearish_fvg': False, 'pf_guard_enabled': True, 'pf_guard_note': 'Prefer setups with sweep + OB/FVG + channel edge; keeps trade count higher than hard filters while protecting PF.', 'pivot_threshold': 0.35, 'liq_hp': [23, 43, 50, 57, 62, 80, 89, 98, 116, 120, 133, 145, 151, 156, 165, 174, 181, 186, 194, 204, 221, 235, 242, 266, 273, 279, 294, 306], 'liq_lp': [17, 32, 35, 40, 43, 46, 69, 76, 91, 113, 126, 135, 157, 167, 178, 189, 194, 210, 226, 237, 252, 255, 261, 264, 272, 276, 283, 289, 301, 309, 315], 'price_hp_idx': 306, 'price_lp_idx': 315, 'bsl_idx': 306, 'ssl_idx': 315, 'bsl_level': np.float64(1588.31), 'ssl_level': np.float64(1569.5), 'is_bsl_swept': False, 'is_ssl_swept': False, 'bearish_fvg': None, 'bullish_fvg': None, 'bearish_ob': (np.float64(1582.91), np.float64(1580.0)), 'bullish_ob': (np.float64(1569.92), np.float64(1549.19)), 'bearish_ob_valid': True, 'bullish_ob_valid': True, 'ob_valid': True, 'pivot_strength_high': 0.2166, 'pivot_strength_low': 0.2986, 'has_top_div': False, 'has_bot_div': np.False_, 'has_top_vol_div': False, 'has_bot_vol_div': np.False_, 'top_div_strength': 0.0, 'bot_div_strength': 0.0, 'just_confirmed_top': False, 'just_confirmed_bot': np.False_, 'curr_color': '藍色 🔵 (看漲)', 'prev_color': '藍色 🔵 (看漲)', 'color_changed': False, 'momentum': -1.7120343528010835, 'plus_di': 18.93121943418383, 'minus_di': 21.796690967916618, 'dmi_bull': False, 'dmi_bear': False, 'ema_20': 1576.332034352801, 'close': 1574.62, 'body_pct': 0.29761904761903635, 'symbol': 'ETH/USDT', 'volume_confirmed': False, 'funding_rate': 0.0068, 'htf_direction': 'Short', 'setup_type': 'ob', 'smc_zone_score': 0.5152, 'has_valid_zone': True, 'macro_conflict': False, 'too_extended': False, 'fe_bottom': False, 'fe_top': False, 'same_side_div_count_12': 0.0, 'vwap_align': None, 'rr': 1.0, 'distance_atr': 0.0, 'ob_strength': 0.2166, 'fvg_quality': 0.0, 'displacement': 0.2986, 'liquidity': 0.0, 'htf_forced_direction': 'Short', 'htf_allowed': 'Short'}",0,0,0,0,0,False,False,,,,,False,False,,,APPROVED,score_34.2_edge_19.0_approved
2026-06-29 17:50:34,BTC/USDT,Short,False,40.27,13.55,26.720000000000002,60024.9,0,0,0,{},0,0,0,0,0,False,False,,,,,False,False,,,HOLD,score=13.6_edge=26.7_below_min_ev_-0.32_too_low
2026-06-29 17:50:34,ETH/USDT,Short,True,16.08,35.06,18.980000000000004,1575.87,1590.5328788220204,1565.7082682421924,1.2127925758655815,"{'swing_high': 1588.31, 'swing_low': 1569.5, 'poc': 1581.33875, 'vah': 1584.515, 'val': 1567.575, 'utc_hour': 17, 'chan_up': 1588.31, 'chan_lw': 1561.39, 'chan_mid': 1574.85, 'chan_pos': 0.5378900445765183, 'at_channel_low': False, 'at_channel_high': False, 'kline_long_ok': False, 'kline_short_ok': False, 'sqzmom_color': 'red', 'prev_sqzmom_color': 'red', 'sqzmom_white_reversal_long': False, 'sqzmom_white_reversal_short': False, 'regime_info': {'regime': 'mud', 'squeeze': 'building', 'volatility': 'normal', 'adx': 12.696328032170173, 'atr_ratio': 0.8354866381028346}, 'regime': 'mud', 'squeeze': 'building', 'volatility': 'normal', 'adx': 12.696328032170173, 'ADX_14': 12.696328032170173, 'atr': 6.3510823486296815, 'atr_pct': 0.004030207027628981, 'atr_ratio': 0.8354866381028346, 'avg_volume_20': 6768.4065, 'volume_ratio': 0.14108638421761457, 'long_quality': 56.0, 'short_quality': 56.0, 'long_quality_reasons': ['bullish OB', 'low volume'], 'short_quality_reasons': ['bearish OB', 'low volume'], 'setup_quality': 56.0, 'preferred_direction_by_quality': 'Long', 'near_bullish_ob': True, 'near_bearish_ob': True, 'near_bullish_fvg': False, 'near_bearish_fvg': False, 'pf_guard_enabled': True, 'pf_guard_note': 'Prefer setups with sweep + OB/FVG + channel edge; keeps trade count higher than hard filters while protecting PF.', 'pivot_threshold': 0.35, 'liq_hp': [22, 42, 49, 56, 61, 79, 88, 97, 115, 119, 132, 144, 150, 155, 164, 173, 180, 185, 193, 203, 220, 234, 241, 265, 272, 278, 293, 305], 'liq_lp': [16, 31, 34, 39, 42, 45, 68, 75, 90, 112, 125, 134, 156, 166, 177, 188, 193, 209, 225, 236, 251, 254, 260, 263, 271, 275, 282, 288, 300, 308, 314], 'price_hp_idx': 305, 'price_lp_idx': 314, 'bsl_idx': 305, 'ssl_idx': 314, 'bsl_level': np.float64(1588.31), 'ssl_level': np.float64(1569.5), 'is_bsl_swept': False, 'is_ssl_swept': False, 'bearish_fvg': None, 'bullish_fvg': None, 'bearish_ob': (np.float64(1582.91), np.float64(1580.0)), 'bullish_ob': (np.float64(1569.92), np.float64(1549.19)), 'bearish_ob_valid': True, 'bullish_ob_valid': True, 'ob_valid': True, 'pivot_strength_high': 0.2166, 'pivot_strength_low': 0.2986, 'has_top_div': False, 'has_bot_div': np.False_, 'has_top_vol_div': False, 'has_bot_vol_div': np.False_, 'top_div_strength': 0.0, 'bot_div_strength': 0.0, 'just_confirmed_top': False, 'just_confirmed_bot': np.False_, 'curr_color': '藍色 🔵 (看漲)', 'prev_color': '藍色 🔵 (看漲)', 'color_changed': False, 'momentum': -0.3568519427835781, 'plus_di': 18.337191302479507, 'minus_di': 21.112749383929827, 'dmi_bull': False, 'dmi_bear': False, 'ema_20': 1576.2268519427835, 'close': 1575.87, 'body_pct': 0.7025089605734174, 'symbol': 'ETH/USDT', 'volume_confirmed': False, 'funding_rate': 0.0069, 'htf_direction': 'Short', 'setup_type': 'ob', 'smc_zone_score': 0.5152, 'has_valid_zone': True, 'macro_conflict': False, 'too_extended': False, 'fe_bottom': False, 'fe_top': False, 'same_side_div_count_12': 0.0, 'vwap_align': None, 'rr': 1.0, 'distance_atr': 0.0, 'ob_strength': 0.2166, 'fvg_quality': 0.0, 'displacement': 0.2986, 'liquidity': 0.0, 'htf_forced_direction': 'Short', 'htf_allowed': 'Short'}",0,0,0,0,0,False,False,,,,,False,False,,,APPROVED,score_35.1_edge_19.0_approved
2026-06-29 17:53:51,BTC/USDT,,False,0,0,0.0,0,0,0,0,{},0,0,0,0,0,False,False,,,,,False,False,,,ERROR,"Traceback (most recent call last):
  File ""C:\Users\Administrator\Desktop\SMC_Bot\runner\v11_institutional_runner.py"", line 551, in run_once
    results.append(evaluate_symbol(symbol, cfg))
                   ^^^^^^^^^^^^^^^^^^^^^^^^^^^^
  File ""C:\Users\Administrator\Desktop\SMC_Bot\runner\v11_institutional_runner.py"", line 379, in evaluate_symbol
    decision = kernel.decide(
               ^^^^^^^^^^^^^^
  File ""C:\Users\Administrator\Desktop\SMC_Bot\decision\v9_decision_kernel.py"", line 111, in decide
    if not _safe_bool(exec_ctx.get(""htf_forced"", params.get(""htf_forced"", False))):
           ^^^^^^^^^^
NameError: name '_safe_bool' is not defined
"
2026-06-29 17:53:51,ETH/USDT,,False,0,0,0.0,0,0,0,0,{},0,0,0,0,0,False,False,,,,,False,False,,,ERROR,"Traceback (most recent call last):
  File ""C:\Users\Administrator\Desktop\SMC_Bot\runner\v11_institutional_runner.py"", line 551, in run_once
    results.append(evaluate_symbol(symbol, cfg))
                   ^^^^^^^^^^^^^^^^^^^^^^^^^^^^
  File ""C:\Users\Administrator\Desktop\SMC_Bot\runner\v11_institutional_runner.py"", line 379, in evaluate_symbol
    decision = kernel.decide(
               ^^^^^^^^^^^^^^
  File ""C:\Users\Administrator\Desktop\SMC_Bot\decision\v9_decision_kernel.py"", line 111, in decide
    if not _safe_bool(exec_ctx.get(""htf_forced"", params.get(""htf_forced"", False))):
           ^^^^^^^^^^
NameError: name '_safe_bool' is not defined
"
2026-06-29 17:56:57,BTC/USDT,Short,False,40.27,13.55,26.720000000000002,60029.2,0,0,0,{},0,0,0,0,0,False,False,,,,,False,False,,,HOLD,score=13.6_edge=26.7_below_min_ev_-0.32_too_low
2026-06-29 17:56:57,ETH/USDT,Short,True,15.31,34.3,18.989999999999995,1575.09,1590.5586288220204,1564.810553956478,1.1629363392930214,"{'swing_high': 1588.31, 'swing_low': 1569.5, 'poc': 1581.33875, 'vah': 1584.515, 'val': 1567.575, 'utc_hour': 17, 'chan_up': 1588.31, 'chan_lw': 1561.39, 'chan_mid': 1574.85, 'chan_pos': 0.5089153046062369, 'at_channel_low': False, 'at_channel_high': False, 'kline_long_ok': False, 'kline_short_ok': False, 'sqzmom_color': 'red', 'prev_sqzmom_color': 'red', 'sqzmom_white_reversal_long': False, 'sqzmom_white_reversal_short': False, 'regime_info': {'regime': 'mud', 'squeeze': 'building', 'volatility': 'normal', 'adx': 12.696328032170173, 'atr_ratio': 0.8447561879085567}, 'regime': 'mud', 'squeeze': 'building', 'volatility': 'normal', 'adx': 12.696328032170173, 'ADX_14': 12.696328032170173, 'atr': 6.424653777201108, 'atr_pct': 0.004078912174670088, 'atr_ratio': 0.8447561879085567, 'avg_volume_20': 6841.512000000001, 'volume_ratio': 0.3532903252965134, 'long_quality': 56.0, 'short_quality': 56.0, 'long_quality_reasons': ['bullish OB', 'low volume'], 'short_quality_reasons': ['bearish OB', 'low volume'], 'setup_quality': 56.0, 'preferred_direction_by_quality': 'Long', 'near_bullish_ob': True, 'near_bearish_ob': True, 'near_bullish_fvg': False, 'near_bearish_fvg': False, 'pf_guard_enabled': True, 'pf_guard_note': 'Prefer setups with sweep + OB/FVG + channel edge; keeps trade count higher than hard filters while protecting PF.', 'pivot_threshold': 0.35, 'liq_hp': [22, 42, 49, 56, 61, 79, 88, 97, 115, 119, 132, 144, 150, 155, 164, 173, 180, 185, 193, 203, 220, 234, 241, 265, 272, 278, 293, 305], 'liq_lp': [16, 31, 34, 39, 42, 45, 68, 75, 90, 112, 125, 134, 156, 166, 177, 188, 193, 209, 225, 236, 251, 254, 260, 263, 271, 275, 282, 288, 300, 308, 314], 'price_hp_idx': 305, 'price_lp_idx': 314, 'bsl_idx': 305, 'ssl_idx': 314, 'bsl_level': np.float64(1588.31), 'ssl_level': np.float64(1569.5), 'is_bsl_swept': False, 'is_ssl_swept': False, 'bearish_fvg': None, 'bullish_fvg': None, 'bearish_ob': (np.float64(1582.91), np.float64(1580.0)), 'bullish_ob': (np.float64(1569.92), np.float64(1549.19)), 'bearish_ob_valid': True, 'bullish_ob_valid': True, 'ob_valid': True, 'pivot_strength_high': 0.2166, 'pivot_strength_low': 0.2986, 'has_top_div': False, 'has_bot_div': np.False_, 'has_top_vol_div': False, 'has_bot_vol_div': np.False_, 'top_div_strength': 0.0, 'bot_div_strength': 0.0, 'just_confirmed_top': False, 'just_confirmed_bot': np.False_, 'curr_color': '藍色 🔵 (看漲)', 'prev_color': '藍色 🔵 (看漲)', 'color_changed': False, 'momentum': -1.0625662284978716, 'plus_di': 18.127204366691608, 'minus_di': 20.870978358255364, 'dmi_bull': False, 'dmi_bear': False, 'ema_20': 1576.1525662284978, 'close': 1575.09, 'body_pct': 0.3089005235601717, 'symbol': 'ETH/USDT', 'volume_confirmed': False, 'funding_rate': 0.0069, 'htf_direction': 'Short', 'setup_type': 'ob', 'smc_zone_score': 0.5152, 'has_valid_zone': True, 'macro_conflict': False, 'too_extended': False, 'fe_bottom': False, 'fe_top': False, 'same_side_div_count_12': 0.0, 'vwap_align': None, 'rr': 1.0, 'distance_atr': 0.0, 'ob_strength': 0.2166, 'fvg_quality': 0.0, 'displacement': 0.2986, 'liquidity': 0.0, 'htf_forced_direction': 'Short', 'htf_allowed': 'Short'}",0,0,0,0,0,False,False,,,,,False,False,,,APPROVED,score_34.3_edge_19.0_approved
2026-06-29 18:05:13,BTC/USDT,Short,False,40.27,13.55,26.720000000000002,60124.4,0,0,0,{},0,0,0,0,0,False,False,,,,,False,False,,,HOLD,score=13.6_edge=26.7_below_min_ev_-0.32_too_low
2026-06-29 18:05:13,ETH/USDT,Short,False,39.34,12.62,26.720000000000006,1578.16,0,0,0,{},0,0,0,0,0,False,False,,,,,False,False,,,HOLD,score=12.6_edge=26.7_below_min_ev_-0.34_too_low
2026-06-29 18:15:16,BTC/USDT,Short,False,41.93,13.55,28.38,60204.7,0,0,0,{},0,0,0,0,0,False,False,,,,,False,False,,,HOLD,score=13.6_edge=28.4_below_min_ev_-0.32_too_low
2026-06-29 18:15:16,ETH/USDT,Short,False,41.1,12.62,28.480000000000004,1583.36,0,0,0,{},0,0,0,0,0,False,False,,,,,False,False,,,HOLD,score=12.6_edge=28.5_below_min_ev_-0.34_too_low
2026-06-29 18:28:36,BTC/USDT,Short,False,41.1,12.72,28.380000000000003,60168.1,0,0,0,{},0,0,0,0,0,False,False,,,,,False,False,,,HOLD,score=12.7_edge=28.4_below_min_ev_-0.34_too_low
2026-06-29 18:28:36,ETH/USDT,Short,False,41.1,12.62,28.480000000000004,1580.67,0,0,0,{},0,0,0,0,0,False,False,,,,,False,False,,,HOLD,score=12.6_edge=28.5_below_min_ev_-0.34_too_low
2026-06-29 18:42:30,BTC/USDT,Short,False,36.96,14.82,22.14,60085.3,0,0,0,{},0,0,0,0,0,False,False,,,,,False,False,,,HOLD,score=14.8_edge=22.1_below_min_ev_-0.31_too_low
2026-06-29 18:42:30,ETH/USDT,Short,False,30.01,22.55,7.460000000000001,1578.46,0,0,0,{},0,0,0,0,0,False,False,,,,,False,False,,,HOLD,score=22.6_edge=7.5_ev_-0.26_too_low
2026-06-29 18:45:41,BTC/USDT,Short,False,36.96,16.58,20.380000000000003,60115.4,0,0,0,{},0,0,0,0,0,False,False,,,,,False,False,,,HOLD,score=16.6_edge=20.4_below_min_ev_-0.29_too_low
2026-06-29 18:45:41,ETH/USDT,Short,False,36.47,17.85,18.619999999999997,1578.68,0,0,0,{},0,0,0,0,0,False,False,,,,,False,False,,,HOLD,score=17.9_edge=18.6_below_min_ev_-0.27_too_low
2026-06-29 19:13:32,BTC/USDT,Short,True,21.98,29.8,7.82,59949.7,60519.718144267565,59713.0,0.9333333333333299,"{'swing_high': 60297.7, 'swing_low': 59713.0, 'poc': 60090.674999999996, 'vah': 60289.299999999996, 'val': 59494.799999999996, 'utc_hour': 19, 'chan_up': 60321.1, 'chan_lw': 59713.0, 'chan_mid': 60017.05, 'chan_pos': 0.38924518993586193, 'at_channel_low': False, 'at_channel_high': False, 'kline_long_ok': False, 'kline_short_ok': False, 'sqzmom_color': 'red', 'prev_sqzmom_color': 'maroon', 'sqzmom_white_reversal_long': False, 'sqzmom_white_reversal_short': False, 'regime_info': {'regime': 'mud', 'squeeze': 'building', 'volatility': 'normal', 'adx': 9.648128969757977, 'atr_ratio': 0.8642246854099801}, 'regime': 'mud', 'squeeze': 'building', 'volatility': 'normal', 'adx': 9.648128969757977, 'ADX_14': 9.648128969757977, 'atr': 190.00604808918948, 'atr_pct': 0.0031694245023609706, 'atr_ratio': 0.8642246854099801, 'avg_volume_20': 344.348765, 'volume_ratio': 0.7862473385086773, 'long_quality': 68.0, 'short_quality': 67.0, 'long_quality_reasons': ['bullish OB', 'discount/channel low'], 'short_quality_reasons': ['bearish OB', 'bearish FVG'], 'setup_quality': 68.0, 'preferred_direction_by_quality': 'Long', 'near_bullish_ob': False, 'near_bearish_ob': False, 'near_bullish_fvg': False, 'near_bearish_fvg': False, 'pf_guard_enabled': True, 'pf_guard_note': 'Prefer setups with sweep + OB/FVG + channel edge; keeps trade count higher than hard filters while protecting PF.', 'pivot_threshold': 0.35, 'liq_hp': [17, 37, 43, 51, 73, 79, 83, 92, 95, 100, 110, 124, 139, 145, 159, 169, 175, 188, 210, 213, 229, 236, 260, 267, 273, 288, 300, 315], 'liq_lp': [26, 30, 40, 62, 69, 85, 91, 107, 120, 129, 151, 161, 172, 183, 200, 220, 231, 239, 249, 258, 270, 277, 283, 295, 303, 309], 'price_hp_idx': 315, 'price_lp_idx': 309, 'bsl_idx': 315, 'ssl_idx': 309, 'bsl_level': np.float64(60297.7), 'ssl_level': np.float64(59713.0), 'is_bsl_swept': False, 'is_ssl_swept': False, 'bearish_fvg': np.float64(60135.3), 'bullish_fvg': None, 'bearish_ob': (np.float64(60578.2), np.float64(60524.1)), 'bullish_ob': (np.float64(59150.0), np.float64(58477.0)), 'bearish_ob_valid': True, 'bullish_ob_valid': True, 'ob_valid': True, 'pivot_strength_high': 0.0462, 'pivot_strength_low': 0.2795, 'has_top_div': False, 'has_bot_div': np.False_, 'has_top_vol_div': False, 'has_bot_vol_div': np.False_, 'top_div_strength': 0.0, 'bot_div_strength': 0.0, 'just_confirmed_top': False, 'just_confirmed_bot': np.False_, 'curr_color': '藍色 🔵 (看漲)', 'prev_color': '藍色 🔵 (看漲)', 'color_changed': False, 'momentum': -31.114659573831887, 'plus_di': 23.4289454080309, 'minus_di': 23.07703356965103, 'dmi_bull': False, 'dmi_bear': False, 'ema_20': 59980.81465957383, 'close': 59949.7, 'body_pct': 0.7306917394224436, 'symbol': 'BTC/USDT', 'volume_confirmed': False, 'funding_rate': 0.0063, 'htf_direction': 'Short', 'setup_type': 'ob', 'smc_zone_score': 0.32570000000000005, 'has_valid_zone': True, 'macro_conflict': False, 'too_extended': False, 'fe_bottom': False, 'fe_top': False, 'same_side_div_count_12': 0.0, 'vwap_align': None, 'rr': 1.0, 'distance_atr': 0.0, 'ob_strength': 0.0462, 'fvg_quality': 1.0, 'displacement': 0.2795, 'liquidity': 0.0, 'htf_forced_direction': 'Short', 'htf_allowed': 'Short'}",0,0,0,0,0,False,False,,,,,False,False,,,APPROVED,score_29.8_edge_7.8_approved
2026-06-29 19:13:32,ETH/USDT,Short,True,14.03,41.11,27.08,1573.47,1591.526343625437,1569.5,0.9333333333333442,"{'swing_high': 1586.44, 'swing_low': 1569.5, 'poc': 1581.33875, 'vah': 1584.515, 'val': 1567.575, 'utc_hour': 19, 'chan_up': 1588.31, 'chan_lw': 1569.5, 'chan_mid': 1578.905, 'chan_pos': 0.21105794790005522, 'at_channel_low': True, 'at_channel_high': False, 'kline_long_ok': False, 'kline_short_ok': False, 'sqzmom_color': 'red', 'prev_sqzmom_color': 'maroon', 'sqzmom_white_reversal_long': False, 'sqzmom_white_reversal_short': False, 'regime_info': {'regime': 'mud', 'squeeze': 'building', 'volatility': 'normal', 'adx': 12.193286535276329, 'atr_ratio': 0.8672164677191309}, 'regime': 'mud', 'squeeze': 'building', 'volatility': 'normal', 'adx': 12.193286535276329, 'ADX_14': 12.193286535276329, 'atr': 6.018781208479023, 'atr_pct': 0.003825164260188642, 'atr_ratio': 0.8672164677191309, 'avg_volume_20': 5430.460000000001, 'volume_ratio': 0.6202752621324896, 'long_quality': 64.0, 'short_quality': 63.0, 'long_quality_reasons': ['bullish OB', 'discount/channel low', 'low volume'], 'short_quality_reasons': ['bearish OB', 'bearish FVG', 'low volume'], 'setup_quality': 64.0, 'preferred_direction_by_quality': 'Long', 'near_bullish_ob': True, 'near_bearish_ob': False, 'near_bullish_fvg': False, 'near_bearish_fvg': False, 'pf_guard_enabled': True, 'pf_guard_note': 'Prefer setups with sweep + OB/FVG + channel edge; keeps trade count higher than hard filters while protecting PF.', 'pivot_threshold': 0.35, 'liq_hp': [17, 37, 44, 51, 56, 74, 83, 92, 110, 114, 127, 139, 145, 150, 159, 168, 175, 180, 188, 198, 215, 229, 236, 260, 267, 273, 288, 300, 315], 'liq_lp': [26, 29, 34, 37, 40, 63, 70, 85, 107, 120, 129, 151, 161, 172, 183, 188, 204, 220, 231, 246, 249, 255, 258, 266, 270, 277, 283, 295, 303, 309], 'price_hp_idx': 315, 'price_lp_idx': 309, 'bsl_idx': 315, 'ssl_idx': 309, 'bsl_level': np.float64(1586.44), 'ssl_level': np.float64(1569.5), 'is_bsl_swept': False, 'is_ssl_swept': False, 'bearish_fvg': np.float64(1579.0), 'bullish_fvg': None, 'bearish_ob': (np.float64(1594.59), np.float64(1592.74)), 'bullish_ob': (np.float64(1569.92), np.float64(1549.19)), 'bearish_ob_valid': True, 'bullish_ob_valid': True, 'ob_valid': True, 'pivot_strength_high': 0.4317, 'pivot_strength_low': 0.2986, 'has_top_div': False, 'has_bot_div': np.False_, 'has_top_vol_div': False, 'has_bot_vol_div': np.False_, 'top_div_strength': 0.0, 'bot_div_strength': 0.0, 'just_confirmed_top': False, 'just_confirmed_bot': np.False_, 'curr_color': '白色 ⚪ (衰竭)', 'prev_color': '藍色 🔵 (看漲)', 'color_changed': True, 'momentum': -3.5643932439493256, 'plus_di': 22.07551235091288, 'minus_di': 23.59320456288991, 'dmi_bull': False, 'dmi_bear': False, 'ema_20': 1577.0343932439494, 'close': 1573.47, 'body_pct': 0.750433275563248, 'symbol': 'ETH/USDT', 'volume_confirmed': False, 'funding_rate': 0.0063, 'htf_direction': 'Short', 'setup_type': 'ob', 'smc_zone_score': 0.7303, 'has_valid_zone': True, 'macro_conflict': False, 'too_extended': False, 'fe_bottom': False, 'fe_top': False, 'same_side_div_count_12': 0.0, 'vwap_align': None, 'rr': 1.0, 'distance_atr': 0.0, 'ob_strength': 0.4317, 'fvg_quality': 1.0, 'displacement': 0.2986, 'liquidity': 0.0, 'htf_forced_direction': 'Short', 'htf_allowed': 'Short'}",0,0,0,0,0,False,False,,,,,False,False,,,APPROVED,score_41.1_edge_27.1_approved
2026-06-29 20:03:16,BTC/USDT,Short,False,30.34,22.88,7.460000000000001,60013.8,0,0,0,{},0,0,0,0,0,False,False,,,,,False,False,,,HOLD,score=22.9_edge=7.5_ev_-0.27_too_low
2026-06-29 20:03:16,ETH/USDT,Short,False,32.12,24.66,7.459999999999997,1577.2,0,0,0,{},0,0,0,0,0,False,False,,,,,False,False,,,HOLD,score=24.7_edge=7.5_ev_-0.25_too_low
2026-06-29 20:21:33,BTC/USDT,Short,False,39.72,11.23,28.49,60611.1,60878.24964083221,59713.0,0,{},0,0,0,0,0,False,False,,,,,False,False,,,HOLD,score=11.2_edge=28.5_below_min_ev_-0.36_too_low
2026-06-29 20:21:33,ETH/USDT,Short,False,41.34,12.86,28.480000000000004,1591.97,1599.761840185931,1569.29,0,{},0,0,0,0,0,False,False,,,,,False,False,,,HOLD,score=12.9_edge=28.5_below_min_ev_-0.34_too_low
2026-06-29 21:23:13,BTC/USDT,Short,False,40.62,12.13,28.489999999999995,60116.2,60870.87834794518,59210.585982465775,0,{},0,0,0,0,0,False,False,,,,,False,False,,,HOLD,score=12.1_edge=28.5_below_min_ev_-0.35_too_low
2026-06-29 21:23:13,ETH/USDT,Short,False,38.73,12.0,26.729999999999997,1579.63,1599.393236955788,1555.9141156530545,0,{},0,0,0,0,0,False,False,,,,,False,False,,,HOLD,score=12.0_edge=26.7_below_min_ev_-0.35_too_low
2026-06-29 21:44:01,BTC/USDT,Short,True,15.26,40.59,25.330000000000005,59508.1,60544.8990958917,58263.94108492996,0.9333333333333385,"{'swing_high': 60765.5, 'swing_low': 59567.3, 'poc': 59955.3225, 'vah': 60193.61, 'val': 59431.09, 'utc_hour': 21, 'chan_up': 60765.5, 'chan_lw': 59500.0, 'chan_mid': 60132.75, 'chan_pos': 0.006400632161199956, 'at_channel_low': True, 'at_channel_high': False, 'kline_long_ok': False, 'kline_short_ok': False, 'sqzmom_color': 'red', 'prev_sqzmom_color': 'green', 'sqzmom_white_reversal_long': False, 'sqzmom_white_reversal_short': False, 'regime_info': {'regime': 'mud', 'squeeze': 'building', 'volatility': 'normal', 'adx': 13.62063216338168, 'atr_ratio': 1.4495515390060543}, 'regime': 'mud', 'squeeze': 'building', 'volatility': 'normal', 'adx': 13.62063216338168, 'ADX_14': 13.62063216338168, 'atr': 345.5996986305677, 'atr_pct': 0.005807607680812657, 'atr_ratio': 1.4495515390060543, 'avg_volume_20': 747.68761, 'volume_ratio': 2.5020556379154124, 'long_quality': 82.0, 'short_quality': 52.0, 'long_quality_reasons': ['SSL sweep', 'bullish OB', 'discount/channel low'], 'short_quality_reasons': ['bearish OB', 'momentum reversal', 'opposite sweep risk', 'chasing discount'], 'setup_quality': 82.0, 'preferred_direction_by_quality': 'Long', 'near_bullish_ob': False, 'near_bearish_ob': False, 'near_bullish_fvg': False, 'near_bearish_fvg': False, 'pf_guard_enabled': True, 'pf_guard_note': 'Prefer setups with sweep + OB/FVG + channel edge; keeps trade count higher than hard filters while protecting PF.', 'pivot_threshold': 0.35, 'liq_hp': [27, 33, 41, 63, 69, 73, 82, 85, 90, 100, 114, 129, 135, 149, 159, 165, 178, 200, 203, 219, 226, 250, 257, 263, 278, 290, 305, 313], 'liq_lp': [16, 20, 30, 52, 59, 75, 81, 97, 110, 119, 141, 151, 162, 173, 190, 210, 221, 229, 239, 248, 260, 267, 273, 285, 293, 299, 313], 'price_hp_idx': 313, 'price_lp_idx': 313, 'bsl_idx': 313, 'ssl_idx': 313, 'bsl_level': np.float64(60765.5), 'ssl_level': np.float64(59567.3), 'is_bsl_swept': False, 'is_ssl_swept': True, 'bearish_fvg': None, 'bullish_fvg': None, 'bearish_ob': (np.float64(60320.4), np.float64(59926.8)), 'bullish_ob': (np.float64(59150.0), np.float64(58477.0)), 'bearish_ob_valid': True, 'bullish_ob_valid': True, 'ob_valid': True, 'pivot_strength_high': 0.0696, 'pivot_strength_low': 0.7299, 'has_top_div': True, 'has_bot_div': False, 'has_top_vol_div': np.False_, 'has_bot_vol_div': False, 'top_div_strength': 1.7509402545452986, 'bot_div_strength': 0.0, 'just_confirmed_top': False, 'just_confirmed_bot': False, 'curr_color': '紅色 🔴 (看跌)', 'prev_color': '白色 ⚪ (衰竭)', 'color_changed': True, 'momentum': -484.63784335251694, 'plus_di': 24.285258846754623, 'minus_di': 25.567285082477394, 'dmi_bull': False, 'dmi_bear': False, 'ema_20': 59992.737843352515, 'close': 59508.1, 'body_pct': 0.589189189189191, 'symbol': 'BTC/USDT', 'volume_confirmed': True, 'funding_rate': 0.004, 'htf_direction': 'Short', 'setup_type': 'ob', 'smc_zone_score': 0.7995, 'has_valid_zone': True, 'macro_conflict': False, 'too_extended': False, 'fe_bottom': True, 'fe_top': False, 'same_side_div_count_12': 0.0, 'vwap_align': None, 'rr': 1.0, 'distance_atr': 0.0, 'ob_strength': 0.0696, 'fvg_quality': 0.0, 'displacement': 0.7299, 'liquidity': 1.0, 'htf_fusion': 'Short(total_vote=-1.18,htf_w=0.34,m15_w=0.84)', 'htf_allowed': 'Short', 'htf_forced_direction': 'Short'}",0,0,0,0,0,False,False,,,,,False,False,,,APPROVED,score_40.6_edge_25.3_approved
2026-06-29 21:44:01,ETH/USDT,Short,False,24.36,30.42,6.060000000000002,1566.24,1596.2862737298453,1530.1844715241857,0,{},0,0,0,0,0,False,False,,,,,False,False,,,HOLD,score=30.4_edge=6.1_ev_-0.20_too_low
2026-06-29 21:55:07,BTC/USDT,Short,True,14.44,41.52,27.080000000000005,59393.9,60434.56242577891,58145.10508906531,0.9333333333333385,"{'swing_high': 60765.5, 'swing_low': 59567.3, 'poc': 59669.3775, 'vah': 60098.295, 'val': 59335.774999999994, 'utc_hour': 21, 'chan_up': 60765.5, 'chan_lw': 59302.7, 'chan_mid': 60034.1, 'chan_pos': 0.062346185397869965, 'at_channel_low': True, 'at_channel_high': False, 'kline_long_ok': False, 'kline_short_ok': True, 'sqzmom_color': 'red', 'prev_sqzmom_color': 'red', 'sqzmom_white_reversal_long': False, 'sqzmom_white_reversal_short': False, 'regime_info': {'regime': 'mud', 'squeeze': 'building', 'volatility': 'normal', 'adx': 13.592332952744835, 'atr_ratio': 1.412695850716313}, 'regime': 'mud', 'squeeze': 'building', 'volatility': 'normal', 'adx': 13.592332952744835, 'ADX_14': 13.592332952744835, 'atr': 346.88747525963686, 'atr_pct': 0.0058404562633475295, 'atr_ratio': 1.412695850716313, 'avg_volume_20': 833.0591499999998, 'volume_ratio': 1.8317922562881643, 'long_quality': 82.0, 'short_quality': 65.0, 'long_quality_reasons': ['SSL sweep', 'bullish OB', 'discount/channel low'], 'short_quality_reasons': ['bearish OB', 'bearish FVG', 'bearish candle', 'momentum reversal', 'opposite sweep risk', 'chasing discount'], 'setup_quality': 82.0, 'preferred_direction_by_quality': 'Long', 'near_bullish_ob': True, 'near_bearish_ob': False, 'near_bullish_fvg': False, 'near_bearish_fvg': True, 'pf_guard_enabled': True, 'pf_guard_note': 'Prefer setups with sweep + OB/FVG + channel edge; keeps trade count higher than hard filters while protecting PF.', 'pivot_threshold': 0.35, 'liq_hp': [26, 32, 40, 62, 68, 72, 81, 84, 89, 99, 113, 128, 134, 148, 158, 164, 177, 199, 202, 218, 225, 249, 256, 262, 277, 289, 304, 312], 'liq_lp': [15, 19, 29, 51, 58, 74, 80, 96, 109, 118, 140, 150, 161, 172, 189, 209, 220, 228, 238, 247, 259, 266, 272, 284, 292, 298, 312], 'price_hp_idx': 312, 'price_lp_idx': 312, 'bsl_idx': 312, 'ssl_idx': 312, 'bsl_level': np.float64(60765.5), 'ssl_level': np.float64(59567.3), 'is_bsl_swept': False, 'is_ssl_swept': True, 'bearish_fvg': np.float64(59590.0), 'bullish_fvg': None, 'bearish_ob': (np.float64(60320.4), np.float64(59926.8)), 'bullish_ob': (np.float64(59150.0), np.float64(58477.0)), 'bearish_ob_valid': True, 'bullish_ob_valid': True, 'ob_valid': True, 'pivot_strength_high': 0.0696, 'pivot_strength_low': 0.7299, 'has_top_div': True, 'has_bot_div': False, 'has_top_vol_div': np.False_, 'has_bot_vol_div': False, 'top_div_strength': 1.7509401824560271, 'bot_div_strength': 0.0, 'just_confirmed_top': False, 'just_confirmed_bot': False, 'curr_color': '紅色 🔴 (看跌)', 'prev_color': '紅色 🔴 (看跌)', 'color_changed': False, 'momentum': -535.9462573642886, 'plus_di': 22.466881213206563, 'minus_di': 27.59467405454498, 'dmi_bull': False, 'dmi_bear': False, 'ema_20': 59929.84625736429, 'close': 59393.9, 'body_pct': 0.16080751827356987, 'symbol': 'BTC/USDT', 'volume_confirmed': True, 'funding_rate': 0.0043, 'htf_direction': 'Short', 'setup_type': 'ob', 'smc_zone_score': 0.7995, 'has_valid_zone': True, 'macro_conflict': False, 'too_extended': False, 'fe_bottom': True, 'fe_top': False, 'same_side_div_count_12': 0.0, 'vwap_align': None, 'rr': 1.0, 'distance_atr': 0.0, 'ob_strength': 0.0696, 'fvg_quality': 1.0, 'displacement': 0.7299, 'liquidity': 1.0, 'htf_fusion': 'Short(total_vote=-1.24,htf_w=0.34,m15_w=0.90)', 'htf_allowed': 'Short', 'htf_forced_direction': 'Short'}",0,0,0,0,0,False,False,,,,,False,False,,,APPROVED,score_41.5_edge_27.1_approved
2026-06-29 21:55:07,ETH/USDT,Short,False,23.53,29.59,6.059999999999999,1569.36,1599.641743973727,1533.0219072315274,0,{},0,0,0,0,0,False,False,,,,,False,False,,,HOLD,score=29.6_edge=6.1_ev_-0.22_too_low
2026-06-29 22:05:19,BTC/USDT,Short,True,12.83,39.92,27.090000000000003,59433.4,60441.493681080436,58223.68758270348,0.9333333333333362,"{'swing_high': 60765.5, 'swing_low': 59567.3, 'poc': 59669.3775, 'vah': 60098.295, 'val': 59335.774999999994, 'utc_hour': 22, 'chan_up': 60765.5, 'chan_lw': 59302.7, 'chan_mid': 60034.1, 'chan_pos': 0.08934919332786717, 'at_channel_low': True, 'at_channel_high': False, 'kline_long_ok': False, 'kline_short_ok': False, 'sqzmom_color': 'red', 'prev_sqzmom_color': 'red', 'sqzmom_white_reversal_long': False, 'sqzmom_white_reversal_short': False, 'regime_info': {'regime': 'mud', 'squeeze': 'building', 'volatility': 'normal', 'adx': 13.353093069246068, 'atr_ratio': 1.3332399244821116}, 'regime': 'mud', 'squeeze': 'building', 'volatility': 'normal', 'adx': 13.353093069246068, 'ADX_14': 13.353093069246068, 'atr': 336.03122702681236, 'atr_pct': 0.0056539122282557005, 'atr_ratio': 1.3332399244821116, 'avg_volume_20': 862.48932, 'volume_ratio': 0.26639054498669035, 'long_quality': 78.0, 'short_quality': 48.0, 'long_quality_reasons': ['SSL sweep', 'bullish OB', 'discount/channel low', 'low volume'], 'short_quality_reasons': ['bearish OB', 'bearish FVG', 'opposite sweep risk', 'chasing discount', 'low volume'], 'setup_quality': 78.0, 'preferred_direction_by_quality': 'Long', 'near_bullish_ob': True, 'near_bearish_ob': False, 'near_bullish_fvg': False, 'near_bearish_fvg': True, 'pf_guard_enabled': True, 'pf_guard_note': 'Prefer setups with sweep + OB/FVG + channel edge; keeps trade count higher than hard filters while protecting PF.', 'pivot_threshold': 0.35, 'liq_hp': [25, 31, 39, 61, 67, 71, 80, 83, 88, 98, 112, 127, 133, 147, 157, 163, 176, 198, 201, 217, 224, 248, 255, 261, 276, 288, 303, 311], 'liq_lp': [14, 18, 28, 50, 57, 73, 79, 95, 108, 117, 139, 149, 160, 171, 188, 208, 219, 227, 237, 246, 258, 265, 271, 283, 291, 297, 311], 'price_hp_idx': 311, 'price_lp_idx': 311, 'bsl_idx': 311, 'ssl_idx': 311, 'bsl_level': np.float64(60765.5), 'ssl_level': np.float64(59567.3), 'is_bsl_swept': False, 'is_ssl_swept': True, 'bearish_fvg': np.float64(59590.0), 'bullish_fvg': None, 'bearish_ob': (np.float64(60320.4), np.float64(59926.8)), 'bullish_ob': (np.float64(59150.0), np.float64(58477.0)), 'bearish_ob_valid': True, 'bullish_ob_valid': True, 'ob_valid': True, 'pivot_strength_high': 0.0696, 'pivot_strength_low': 0.7299, 'has_top_div': False, 'has_bot_div': False, 'has_top_vol_div': False, 'has_bot_vol_div': False, 'top_div_strength': 0.0, 'bot_div_strength': 0.0, 'just_confirmed_top': False, 'just_confirmed_bot': False, 'curr_color': '紅色 🔴 (看跌)', 'prev_color': '紅色 🔴 (看跌)', 'color_changed': False, 'momentum': -463.59876800080383, 'plus_di': 21.536101404827065, 'minus_di': 26.451455053273513, 'dmi_bull': False, 'dmi_bear': False, 'ema_20': 59896.998768000805, 'close': 59433.4, 'body_pct': 0.6567470497691075, 'symbol': 'BTC/USDT', 'volume_confirmed': False, 'funding_rate': 0.0046, 'htf_direction': 'Short', 'setup_type': 'ob', 'smc_zone_score': 0.7995, 'has_valid_zone': True, 'macro_conflict': False, 'too_extended': False, 'fe_bottom': False, 'fe_top': False, 'same_side_div_count_12': 0.0, 'vwap_align': None, 'rr': 1.0, 'distance_atr': 0.0, 'ob_strength': 0.0696, 'fvg_quality': 1.0, 'displacement': 0.7299, 'liquidity': 1.0, 'htf_fusion': 'Short(total_vote=-1.23,htf_w=0.33,m15_w=0.90)', 'htf_allowed': 'Short', 'htf_forced_direction': 'Short'}",0,0,0,0,0,False,False,,,,,False,False,,,APPROVED,score_39.9_edge_27.1_approved
2026-06-29 22:05:19,ETH/USDT,Short,False,21.1,27.16,6.059999999999999,1570.63,1599.6635222638058,1535.7897732834333,0,{},0,0,0,0,0,False,False,,,,,False,False,,,HOLD,score=27.2_edge=6.1_ev_-0.23_too_low
2026-06-29 22:15:21,BTC/USDT,Short,True,15.26,42.35,27.090000000000003,59068.1,60144.82939536615,57776.024725560615,0.9333333333333325,"{'swing_high': 60765.5, 'swing_low': 59567.3, 'poc': 59669.3775, 'vah': 60098.295, 'val': 59335.774999999994, 'utc_hour': 22, 'chan_up': 60765.5, 'chan_lw': 59059.7, 'chan_mid': 59912.6, 'chan_pos': 0.004924375659515442, 'at_channel_low': True, 'at_channel_high': False, 'kline_long_ok': False, 'kline_short_ok': False, 'sqzmom_color': 'red', 'prev_sqzmom_color': 'red', 'sqzmom_white_reversal_long': False, 'sqzmom_white_reversal_short': False, 'regime_info': {'regime': 'mud', 'squeeze': 'building', 'volatility': 'normal', 'adx': 13.976127584246797, 'atr_ratio': 1.417579200825546}, 'regime': 'mud', 'squeeze': 'building', 'volatility': 'normal', 'adx': 13.976127584246797, 'ADX_14': 13.976127584246797, 'atr': 358.90979845538396, 'atr_pct': 0.006076203542273816, 'atr_ratio': 1.417579200825546, 'avg_volume_20': 945.678115, 'volume_ratio': 2.0023038177213186, 'long_quality': 72.0, 'short_quality': 52.0, 'long_quality_reasons': ['SSL sweep', 'discount/channel low'], 'short_quality_reasons': ['bearish OB', 'bearish FVG', 'opposite sweep risk', 'chasing discount'], 'setup_quality': 72.0, 'preferred_direction_by_quality': 'Long', 'near_bullish_ob': False, 'near_bearish_ob': False, 'near_bullish_fvg': False, 'near_bearish_fvg': False, 'pf_guard_enabled': True, 'pf_guard_note': 'Prefer setups with sweep + OB/FVG + channel edge; keeps trade count higher than hard filters while protecting PF.', 'pivot_threshold': 0.35, 'liq_hp': [25, 31, 39, 61, 67, 71, 80, 83, 88, 98, 112, 127, 133, 147, 157, 163, 176, 198, 201, 217, 224, 248, 255, 261, 276, 288, 303, 311], 'liq_lp': [14, 18, 28, 50, 57, 73, 79, 95, 108, 117, 139, 149, 160, 171, 188, 208, 219, 227, 237, 246, 258, 265, 271, 283, 291, 297, 311], 'price_hp_idx': 311, 'price_lp_idx': 311, 'bsl_idx': 311, 'ssl_idx': 311, 'bsl_level': np.float64(60765.5), 'ssl_level': np.float64(59567.3), 'is_bsl_swept': False, 'is_ssl_swept': True, 'bearish_fvg': np.float64(59590.0), 'bullish_fvg': None, 'bearish_ob': (np.float64(60320.4), np.float64(59926.8)), 'bullish_ob': None, 'bearish_ob_valid': True, 'bullish_ob_valid': False, 'ob_valid': True, 'pivot_strength_high': 0.0696, 'pivot_strength_low': 0.7299, 'has_top_div': False, 'has_bot_div': False, 'has_top_vol_div': False, 'has_bot_vol_div': False, 'top_div_strength': 0.0, 'bot_div_strength': 0.0, 'just_confirmed_top': False, 'just_confirmed_bot': False, 'curr_color': '紅色 🔴 (看跌)', 'prev_color': '紅色 🔴 (看跌)', 'color_changed': False, 'momentum': -794.1082918103275, 'plus_di': 20.163290641771624, 'minus_di': 29.601390738392915, 'dmi_bull': False, 'dmi_bear': False, 'ema_20': 59862.208291810326, 'close': 59068.1, 'body_pct': 0.9574922360248422, 'symbol': 'BTC/USDT', 'volume_confirmed': True, 'funding_rate': 0.0048, 'htf_direction': 'Short', 'setup_type': 'ob', 'smc_zone_score': 0.7995, 'has_valid_zone': True, 'macro_conflict': False, 'too_extended': False, 'fe_bottom': True, 'fe_top': False, 'same_side_div_count_12': 0.0, 'vwap_align': None, 'rr': 1.0, 'distance_atr': 0.0, 'ob_strength': 0.0696, 'fvg_quality': 1.0, 'displacement': 0.7299, 'liquidity': 1.0, 'htf_fusion': 'Short(total_vote=-1.25,htf_w=0.35,m15_w=0.90)', 'htf_allowed': 'Short', 'htf_forced_direction': 'Short'}",0,0,0,0,0,False,False,,,,,False,False,,,APPROVED,score_42.4_edge_27.1_approved
2026-06-29 22:15:21,ETH/USDT,Short,True,12.7,39.79,27.09,1559.51,1588.4581874055639,1524.7721751133233,0.9333333333333386,"{'swing_high': 1596.24, 'swing_low': 1565.78, 'poc': 1567.582, 'vah': 1586.272, 'val': 1566.336, 'utc_hour': 22, 'chan_up': 1596.24, 'chan_lw': 1558.91, 'chan_mid': 1577.575, 'chan_pos': 0.016072863648537643, 'at_channel_low': True, 'at_channel_high': False, 'kline_long_ok': False, 'kline_short_ok': False, 'sqzmom_color': 'red', 'prev_sqzmom_color': 'red', 'sqzmom_white_reversal_long': False, 'sqzmom_white_reversal_short': False, 'regime_info': {'regime': 'mud', 'squeeze': 'building', 'volatility': 'normal', 'adx': 12.550078766549628, 'atr_ratio': 1.2377524870111276}, 'regime': 'mud', 'squeeze': 'building', 'volatility': 'normal', 'adx': 12.550078766549628, 'ADX_14': 12.550078766549628, 'atr': 9.649395801854666, 'atr_pct': 0.0061874536244427205, 'atr_ratio': 1.2377524870111276, 'avg_volume_20': 11565.0235, 'volume_ratio': 1.1240789956025599e-05, 'long_quality': 78.0, 'short_quality': 48.0, 'long_quality_reasons': ['SSL sweep', 'bullish OB', 'discount/channel low', 'low volume'], 'short_quality_reasons': ['bearish OB', 'bearish FVG', 'opposite sweep risk', 'chasing discount', 'low volume'], 'setup_quality': 78.0, 'preferred_direction_by_quality': 'Long', 'near_bullish_ob': False, 'near_bearish_ob': True, 'near_bullish_fvg': False, 'near_bearish_fvg': True, 'pf_guard_enabled': True, 'pf_guard_note': 'Prefer setups with sweep + OB/FVG + channel edge; keeps trade count higher than hard filters while protecting PF.', 'pivot_threshold': 0.35, 'liq_hp': [24, 31, 38, 43, 61, 70, 79, 97, 101, 114, 126, 132, 137, 146, 155, 162, 167, 175, 185, 202, 216, 223, 247, 254, 260, 275, 287, 302, 310], 'liq_lp': [13, 16, 21, 24, 27, 50, 57, 72, 94, 107, 116, 138, 148, 159, 170, 175, 191, 207, 218, 233, 236, 242, 245, 253, 257, 264, 270, 282, 290, 296, 307, 310], 'price_hp_idx': 310, 'price_lp_idx': 310, 'bsl_idx': 310, 'ssl_idx': 310, 'bsl_level': np.float64(1596.24), 'ssl_level': np.float64(1565.78), 'is_bsl_swept': False, 'is_ssl_swept': True, 'bearish_fvg': np.float64(1559.62), 'bullish_fvg': None, 'bearish_ob': (np.float64(1574.65), np.float64(1564.0)), 'bullish_ob': (np.float64(1535.81), np.float64(1520.38)), 'bearish_ob_valid': True, 'bullish_ob_valid': True, 'ob_valid': True, 'pivot_strength_high': 0.03, 'pivot_strength_low': 0.4871, 'has_top_div': np.False_, 'has_bot_div': False, 'has_top_vol_div': np.False_, 'has_bot_vol_div': False, 'top_div_strength': 0.0, 'bot_div_strength': 0.0, 'just_confirmed_top': np.False_, 'just_confirmed_bot': False, 'curr_color': '紅色 🔴 (看跌)', 'prev_color': '紅色 🔴 (看跌)', 'color_changed': False, 'momentum': -14.115865172739632, 'plus_di': 21.00718370149182, 'minus_di': 24.477692922717562, 'dmi_bull': False, 'dmi_bear': False, 'ema_20': 1573.6258651727396, 'close': 1559.51, 'body_pct': 0.6875, 'symbol': 'ETH/USDT', 'volume_confirmed': False, 'funding_rate': 0.0048, 'htf_direction': 'Short', 'setup_type': 'ob', 'smc_zone_score': 0.5171, 'has_valid_zone': True, 'macro_conflict': False, 'too_extended': False, 'fe_bottom': False, 'fe_top': False, 'same_side_div_count_12': 0.0, 'vwap_align': None, 'rr': 1.0, 'distance_atr': 0.0, 'ob_strength': 0.03, 'fvg_quality': 1.0, 'displacement': 0.4871, 'liquidity': 1.0, 'htf_fusion': 'Short(total_vote=-1.21,htf_w=0.31,m15_w=0.90)', 'htf_allowed': 'Short', 'htf_forced_direction': 'Short'}",0,0,0,0,0,False,False,,,,,False,False,,,APPROVED,score_39.8_edge_27.1_approved
